Genus,Family,Useful Life Expectency Value,Year Planted,Located in,count
Acacia,Fabaceae,1,1900,Park,1
Acacia,Fabaceae,1,1999,Park,7
Acacia,Fabaceae,1,2006,Park,1
Acacia,Fabaceae,10,1900,Park,3
Acacia,Fabaceae,10,1900,Street,1
Acacia,Fabaceae,10,1997,Park,1
Acacia,Fabaceae,10,1999,Park,21
Acacia,Fabaceae,10,2006,Park,1
Acacia,Fabaceae,10,2008,Park,1
Acacia,Fabaceae,10,2010,Park,1
Acacia,Fabaceae,20,1900,Park,7
Acacia,Fabaceae,20,1900,Street,1
Acacia,Fabaceae,20,1999,Park,35
Acacia,Fabaceae,20,2006,Park,3
Acacia,Fabaceae,20,2008,Park,4
Acacia,Fabaceae,20,2010,Park,10
Acacia,Fabaceae,30,1900,Park,6
Acacia,Fabaceae,30,1900,Street,3
Acacia,Fabaceae,30,1999,Park,30
Acacia,Fabaceae,30,2000,Park,2
Acacia,Fabaceae,30,2006,Park,4
Acacia,Fabaceae,30,2007,Park,1
Acacia,Fabaceae,30,2008,Park,12
Acacia,Fabaceae,30,2010,Park,21
Acacia,Fabaceae,30,2010,Street,1
Acacia,Fabaceae,5,1900,Park,2
Acacia,Fabaceae,5,1999,Park,9
Acacia,Fabaceae,5,2010,Park,3
Acacia,Fabaceae,60,1900,Park,4
Acacia,Fabaceae,60,1999,Park,29
Acacia,Fabaceae,60,2006,Park,1
Acacia,Fabaceae,60,2009,Park,1
Acacia,Fabaceae,60,2010,Park,4
Acacia,Fabaceae,80,1999,Park,10
Acacia,Fabaceae,80,2008,Street,1
Acacia,Fabaceae,80,2010,Park,3
Acacia,Fabaceae,80,2010,Street,1
Acer,Sapindaceae,1,1900,Park,1
Acer,Sapindaceae,1,2006,Park,2
Acer,Sapindaceae,1,2006,Street,1
Acer,Sapindaceae,1,2008,Street,1
Acer,Sapindaceae,10,1900,Park,6
Acer,Sapindaceae,10,1900,Street,1
Acer,Sapindaceae,10,1998,Park,2
Acer,Sapindaceae,10,2005,Street,2
Acer,Sapindaceae,10,2006,Park,4
Acer,Sapindaceae,10,2006,Street,4
Acer,Sapindaceae,10,2008,Street,5
Acer,Sapindaceae,10,2009,Street,5
Acer,Sapindaceae,10,2010,Street,4
Acer,Sapindaceae,20,1900,Park,5
Acer,Sapindaceae,20,1900,Street,3
Acer,Sapindaceae,20,1998,Park,2
Acer,Sapindaceae,20,2006,Park,4
Acer,Sapindaceae,20,2006,Street,2
Acer,Sapindaceae,20,2008,Street,2
Acer,Sapindaceae,20,2009,Street,5
Acer,Sapindaceae,20,2010,Street,2
Acer,Sapindaceae,30,1900,Park,1
Acer,Sapindaceae,30,1900,Street,6
Acer,Sapindaceae,30,1998,Park,5
Acer,Sapindaceae,30,2006,Park,2
Acer,Sapindaceae,30,2008,Park,2
Acer,Sapindaceae,30,2009,Street,1
Acer,Sapindaceae,30,2010,Street,1
Acer,Sapindaceae,5,1900,Park,2
Acer,Sapindaceae,5,1998,Park,2
Acer,Sapindaceae,5,2005,Street,1
Acer,Sapindaceae,5,2006,Park,2
Acer,Sapindaceae,5,2006,Street,2
Acer,Sapindaceae,5,2007,Street,1
Acer,Sapindaceae,5,2008,Street,7
Acer,Sapindaceae,5,2009,Street,7
Acer,Sapindaceae,5,2010,Street,5
Acer,Sapindaceae,60,1900,Park,5
Acer,Sapindaceae,60,1900,Street,2
Acer,Sapindaceae,60,1998,Park,1
Acer,Sapindaceae,60,2005,Street,32
Acer,Sapindaceae,60,2006,Park,1
Acer,Sapindaceae,60,2006,Street,81
Acer,Sapindaceae,60,2007,Street,3
Acer,Sapindaceae,60,2008,Park,3
Acer,Sapindaceae,60,2008,Street,24
Acer,Sapindaceae,60,2009,Park,3
Acer,Sapindaceae,60,2009,Street,73
Acer,Sapindaceae,60,2010,Street,87
Acer,Sapindaceae,80,2009,Park,2
Acer,Sapindaceae,80,2010,Street,1
Aesculus,Sapindaceae,10,1998,Park,7
Aesculus,Sapindaceae,10,2000,Park,1
Aesculus,Sapindaceae,20,1998,Park,6
Aesculus,Sapindaceae,20,2000,Park,1
Aesculus,Sapindaceae,60,1998,Park,1
Afrocarpus,Podocarpaceae,30,1900,Park,1
Afrocarpus,Podocarpaceae,60,1900,Park,2
Afrocarpus,Podocarpaceae,60,2006,Park,2
Afrocarpus,Podocarpaceae,80,1900,Park,2
Afrocarpus,Podocarpaceae,80,2006,Park,1
Agathis,Araucariaceae,10,2008,Park,1
Agathis,Araucariaceae,30,1998,Park,3
Agathis,Araucariaceae,30,1998,Street,1
Agathis,Araucariaceae,30,2009,Park,3
Agathis,Araucariaceae,5,2008,Park,1
Agathis,Araucariaceae,60,1900,Park,3
Agathis,Araucariaceae,60,1998,Park,9
Agathis,Araucariaceae,60,2000,Park,1
Agathis,Araucariaceae,60,2009,Street,1
Agathis,Araucariaceae,60,2010,Street,2
Agathis,Araucariaceae,80,1900,Park,10
Agathis,Araucariaceae,80,2000,Park,13
Agathis,Araucariaceae,80,2006,Park,18
Agathis,Araucariaceae,80,2009,Park,10
Agathis,Araucariaceae,80,2009,Street,1
Agathis,Araucariaceae,80,2010,Park,24
Agathis,Araucariaceae,80,2010,Street,3
Agonis,Myrtaceae,10,1900,Park,1
Agonis,Myrtaceae,10,1998,Park,1
Agonis,Myrtaceae,20,1997,Street,1
Agonis,Myrtaceae,20,1998,Park,1
Agonis,Myrtaceae,20,1999,Park,1
Agonis,Myrtaceae,30,1997,Street,4
Agonis,Myrtaceae,30,1998,Park,2
Agonis,Myrtaceae,5,1998,Park,1
Agonis,Myrtaceae,5,1999,Park,1
Agonis,Myrtaceae,60,1997,Street,1
Agonis,Myrtaceae,60,1999,Park,1
Alectryon,Sapindaceae,30,1998,Park,1
Allocasuarina,Casuarinaceae,1,1999,Park,4
Allocasuarina,Casuarinaceae,1,2006,Street,1
Allocasuarina,Casuarinaceae,1,2009,Park,1
Allocasuarina,Casuarinaceae,10,1900,Park,2
Allocasuarina,Casuarinaceae,10,1998,Park,1
Allocasuarina,Casuarinaceae,10,1999,Park,10
Allocasuarina,Casuarinaceae,10,2008,Street,1
Allocasuarina,Casuarinaceae,20,1900,Park,2
Allocasuarina,Casuarinaceae,20,1998,Park,1
Allocasuarina,Casuarinaceae,20,1999,Park,24
Allocasuarina,Casuarinaceae,20,2000,Street,2
Allocasuarina,Casuarinaceae,30,1900,Park,4
Allocasuarina,Casuarinaceae,30,1900,Street,1
Allocasuarina,Casuarinaceae,30,1997,Street,1
Allocasuarina,Casuarinaceae,30,1998,Park,12
Allocasuarina,Casuarinaceae,30,1999,Park,33
Allocasuarina,Casuarinaceae,30,2000,Street,1
Allocasuarina,Casuarinaceae,30,2008,Park,1
Allocasuarina,Casuarinaceae,5,1999,Park,6
Allocasuarina,Casuarinaceae,5,2008,Street,1
Allocasuarina,Casuarinaceae,5,2009,Street,1
Allocasuarina,Casuarinaceae,5,2010,Park,1
Allocasuarina,Casuarinaceae,60,1900,Park,1
Allocasuarina,Casuarinaceae,60,1900,Street,2
Allocasuarina,Casuarinaceae,60,1997,Street,1
Allocasuarina,Casuarinaceae,60,1998,Park,13
Allocasuarina,Casuarinaceae,60,1999,Park,33
Allocasuarina,Casuarinaceae,60,1999,Street,1
Allocasuarina,Casuarinaceae,60,2000,Park,6
Allocasuarina,Casuarinaceae,60,2000,Street,53
Allocasuarina,Casuarinaceae,60,2006,Park,6
Allocasuarina,Casuarinaceae,60,2006,Street,54
Allocasuarina,Casuarinaceae,60,2008,Park,2
Allocasuarina,Casuarinaceae,60,2008,Street,3
Allocasuarina,Casuarinaceae,60,2009,Park,8
Allocasuarina,Casuarinaceae,60,2010,Park,3
Allocasuarina,Casuarinaceae,80,1900,Park,1
Allocasuarina,Casuarinaceae,80,1999,Park,12
Allocasuarina,Casuarinaceae,80,2000,Street,1
Allocasuarina,Casuarinaceae,80,2006,Street,10
Allocasuarina,Casuarinaceae,80,2007,Park,1
Allocasuarina,Casuarinaceae,80,2009,Street,3
Allocasuarina,Casuarinaceae,80,2010,Park,26
Allocasuarina,Casuarinaceae,80,2010,Street,1
Alnus,Betulaceae,20,1997,Street,2
Alnus,Betulaceae,20,1998,Park,1
Alnus,Betulaceae,30,1900,Park,1
Alnus,Betulaceae,30,1900,Street,1
Angophora,Myrtaceae,10,1997,Street,3
Angophora,Myrtaceae,10,2008,Street,1
Angophora,Myrtaceae,10,2009,Street,1
Angophora,Myrtaceae,20,1900,Park,1
Angophora,Myrtaceae,20,1997,Street,2
Angophora,Myrtaceae,20,2006,Street,2
Angophora,Myrtaceae,20,2007,Street,1
Angophora,Myrtaceae,20,2008,Park,2
Angophora,Myrtaceae,20,2009,Street,7
Angophora,Myrtaceae,30,1900,Park,2
Angophora,Myrtaceae,30,1900,Street,3
Angophora,Myrtaceae,30,1997,Street,13
Angophora,Myrtaceae,30,1998,Park,2
Angophora,Myrtaceae,30,1999,Park,1
Angophora,Myrtaceae,30,2000,Street,24
Angophora,Myrtaceae,30,2006,Street,8
Angophora,Myrtaceae,30,2007,Street,2
Angophora,Myrtaceae,30,2008,Street,1
Angophora,Myrtaceae,30,2009,Street,20
Angophora,Myrtaceae,5,1900,Street,2
Angophora,Myrtaceae,5,1998,Park,1
Angophora,Myrtaceae,5,2010,Park,1
Angophora,Myrtaceae,60,1899,Street,2
Angophora,Myrtaceae,60,1900,Park,3
Angophora,Myrtaceae,60,1900,Street,24
Angophora,Myrtaceae,60,1997,Street,23
Angophora,Myrtaceae,60,1998,Park,14
Angophora,Myrtaceae,60,1999,Park,4
Angophora,Myrtaceae,60,2000,Street,51
Angophora,Myrtaceae,60,2006,Street,28
Angophora,Myrtaceae,60,2007,Street,24
Angophora,Myrtaceae,60,2008,Park,2
Angophora,Myrtaceae,60,2008,Street,57
Angophora,Myrtaceae,60,2009,Street,84
Angophora,Myrtaceae,60,2010,Street,28
Angophora,Myrtaceae,80,1899,Street,1
Angophora,Myrtaceae,80,1900,Park,11
Angophora,Myrtaceae,80,1900,Street,5
Angophora,Myrtaceae,80,1997,Street,7
Angophora,Myrtaceae,80,2000,Park,1
Angophora,Myrtaceae,80,2000,Street,4
Angophora,Myrtaceae,80,2006,Park,13
Angophora,Myrtaceae,80,2006,Street,15
Angophora,Myrtaceae,80,2007,Park,2
Angophora,Myrtaceae,80,2007,Street,23
Angophora,Myrtaceae,80,2008,Park,11
Angophora,Myrtaceae,80,2008,Street,7
Angophora,Myrtaceae,80,2009,Park,3
Angophora,Myrtaceae,80,2009,Street,79
Angophora,Myrtaceae,80,2010,Park,10
Angophora,Myrtaceae,80,2010,Street,2
Araucaria,Araucariaceae,10,1998,Park,1
Araucaria,Araucariaceae,20,1998,Park,4
Araucaria,Araucariaceae,30,1900,Park,1
Araucaria,Araucariaceae,30,1998,Park,11
Araucaria,Araucariaceae,30,2009,Park,3
Araucaria,Araucariaceae,5,2000,Park,1
Araucaria,Araucariaceae,60,1900,Park,7
Araucaria,Araucariaceae,60,1997,Park,3
Araucaria,Araucariaceae,60,1998,Park,83
Araucaria,Araucariaceae,60,2009,Park,2
Araucaria,Araucariaceae,60,2010,Street,1
Araucaria,Araucariaceae,80,1900,Park,7
Araucaria,Araucariaceae,80,1998,Park,5
Araucaria,Araucariaceae,80,2000,Park,16
Araucaria,Araucariaceae,80,2005,Park,2
Araucaria,Araucariaceae,80,2006,Park,7
Araucaria,Araucariaceae,80,2007,Park,1
Araucaria,Araucariaceae,80,2008,Park,2
Araucaria,Araucariaceae,80,2009,Park,5
Araucaria,Araucariaceae,80,2010,Park,8
Backhousia,Myrtaceae,60,2006,Street,1
Backhousia,Myrtaceae,60,2009,Street,2
Banksia,Proteaceae,10,2006,Street,1
Banksia,Proteaceae,30,2009,Park,1
Banksia,Proteaceae,5,1999,Park,2
Banksia,Proteaceae,60,2000,Street,3
Banksia,Proteaceae,60,2006,Street,16
Banksia,Proteaceae,60,2008,Park,4
Banksia,Proteaceae,60,2009,Park,1
Banksia,Proteaceae,80,1900,Park,5
Banksia,Proteaceae,80,1999,Park,7
Banksia,Proteaceae,80,2000,Street,1
Banksia,Proteaceae,80,2006,Street,3
Banksia,Proteaceae,80,2010,Park,4
Betula,Betulaceae,10,1997,Street,1
Betula,Betulaceae,10,1998,Park,1
Betula,Betulaceae,20,1997,Street,1
Betula,Betulaceae,20,1998,Park,1
Betula,Betulaceae,20,2007,Street,1
Betula,Betulaceae,30,2006,Street,1
Betula,Betulaceae,5,1998,Park,1
Betula,Betulaceae,5,1998,Street,1
Betula,Betulaceae,60,2006,Street,4
Brachychiton,Malvaceae,10,1997,Street,1
Brachychiton,Malvaceae,10,1998,Park,1
Brachychiton,Malvaceae,10,2007,Park,1
Brachychiton,Malvaceae,20,1997,Street,2
Brachychiton,Malvaceae,20,1998,Park,1
Brachychiton,Malvaceae,20,2006,Street,1
Brachychiton,Malvaceae,30,1900,Park,2
Brachychiton,Malvaceae,30,1900,Street,2
Brachychiton,Malvaceae,30,1997,Street,5
Brachychiton,Malvaceae,30,1998,Park,1
Brachychiton,Malvaceae,30,1999,Park,2
Brachychiton,Malvaceae,5,1900,Park,1
Brachychiton,Malvaceae,5,1997,Street,1
Brachychiton,Malvaceae,5,2010,Park,1
Brachychiton,Malvaceae,60,1900,Park,3
Brachychiton,Malvaceae,60,1997,Street,8
Brachychiton,Malvaceae,60,1998,Park,5
Brachychiton,Malvaceae,60,2000,Park,4
Brachychiton,Malvaceae,80,1900,Park,10
Brachychiton,Malvaceae,80,1900,Street,1
Brachychiton,Malvaceae,80,1998,Park,2
Brachychiton,Malvaceae,80,2000,Park,6
Brachychiton,Malvaceae,80,2006,Park,20
Brachychiton,Malvaceae,80,2007,Park,2
Brachychiton,Malvaceae,80,2008,Park,2
Brachychiton,Malvaceae,80,2009,Park,6
Brachychiton,Malvaceae,80,2010,Park,15
Brachychiton,Malvaceae,80,2010,Street,2
Brahea,Arecaceae,60,1998,Park,2
Brahea,Arecaceae,60,2000,Park,1
Buckinghamia,Proteaceae,30,1998,Park,1
Buckinghamia,Proteaceae,80,2000,Park,2
Bursaria,Pittosporaceae,5,1900,Park,1
Butia,Arecaceae,1,2009,Street,1
Butia,Arecaceae,60,1900,Park,1
Butia,Arecaceae,60,1998,Park,3
Butia,Arecaceae,80,2009,Street,11
Callistemon,Myrtaceae,1,1997,Street,1
Callistemon,Myrtaceae,1,1999,Park,2
Callistemon,Myrtaceae,10,1900,Park,2
Callistemon,Myrtaceae,10,1997,Street,5
Callistemon,Myrtaceae,10,1998,Park,1
Callistemon,Myrtaceae,10,1999,Park,22
Callistemon,Myrtaceae,20,1900,Park,4
Callistemon,Myrtaceae,20,1900,Street,2
Callistemon,Myrtaceae,20,1997,Street,6
Callistemon,Myrtaceae,20,1998,Park,1
Callistemon,Myrtaceae,20,1999,Park,20
Callistemon,Myrtaceae,20,2006,Street,1
Callistemon,Myrtaceae,20,2008,Park,2
Callistemon,Myrtaceae,20,2008,Street,1
Callistemon,Myrtaceae,20,2010,Park,8
Callistemon,Myrtaceae,30,1899,Street,1
Callistemon,Myrtaceae,30,1900,Park,1
Callistemon,Myrtaceae,30,1900,Street,8
Callistemon,Myrtaceae,30,1997,Street,4
Callistemon,Myrtaceae,30,1999,Park,6
Callistemon,Myrtaceae,30,2008,Street,1
Callistemon,Myrtaceae,30,2009,Street,1
Callistemon,Myrtaceae,5,1900,Park,1
Callistemon,Myrtaceae,5,1900,Street,1
Callistemon,Myrtaceae,5,1997,Street,1
Callistemon,Myrtaceae,5,1999,Park,8
Callistemon,Myrtaceae,60,1900,Park,2
Callistemon,Myrtaceae,60,1900,Street,1
Callistemon,Myrtaceae,60,1999,Park,8
Callistemon,Myrtaceae,60,2006,Street,12
Callistemon,Myrtaceae,60,2007,Street,1
Callistemon,Myrtaceae,80,1900,Park,1
Callitris,Cupressaceae,30,1998,Park,1
Callitris,Cupressaceae,5,2000,Park,1
Callitris,Cupressaceae,60,1900,Park,1
Callitris,Cupressaceae,60,2006,Park,2
Callitris,Cupressaceae,80,2006,Park,9
Calodendrum,Rutaceae,1,1998,Park,1
Calodendrum,Rutaceae,10,1998,Park,2
Calodendrum,Rutaceae,10,2000,Park,1
Calodendrum,Rutaceae,20,1998,Park,3
Calodendrum,Rutaceae,30,1900,Park,1
Calodendrum,Rutaceae,30,1998,Park,3
Calodendrum,Rutaceae,60,2010,Park,1
Calodendrum,Rutaceae,80,2000,Park,2
Carpinus,Betulaceae,10,1998,Park,1
Carpinus,Betulaceae,30,2006,Park,1
Carya,Juglandaceae,80,2006,Park,1
Cassine,Celastraceae,60,1998,Park,1
Casuarina,Casuarinaceae,1,2000,Park,1
Casuarina,Casuarinaceae,1,2009,Park,1
Casuarina,Casuarinaceae,1,2010,Park,1
Casuarina,Casuarinaceae,10,1999,Park,2
Casuarina,Casuarinaceae,10,1999,Street,3
Casuarina,Casuarinaceae,10,2000,Park,1
Casuarina,Casuarinaceae,10,2010,Park,1
Casuarina,Casuarinaceae,20,1900,Park,6
Casuarina,Casuarinaceae,20,1998,Park,10
Casuarina,Casuarinaceae,20,1999,Park,2
Casuarina,Casuarinaceae,20,1999,Street,2
Casuarina,Casuarinaceae,30,1900,Park,29
Casuarina,Casuarinaceae,30,1997,Street,3
Casuarina,Casuarinaceae,30,1998,Park,13
Casuarina,Casuarinaceae,30,1999,Park,5
Casuarina,Casuarinaceae,30,2008,Street,1
Casuarina,Casuarinaceae,5,1997,Street,1
Casuarina,Casuarinaceae,5,2010,Park,1
Casuarina,Casuarinaceae,60,1900,Park,18
Casuarina,Casuarinaceae,60,1900,Street,6
Casuarina,Casuarinaceae,60,1997,Park,1
Casuarina,Casuarinaceae,60,1997,Street,15
Casuarina,Casuarinaceae,60,1998,Park,32
Casuarina,Casuarinaceae,60,1999,Park,9
Casuarina,Casuarinaceae,60,1999,Street,5
Casuarina,Casuarinaceae,60,2006,Park,1
Casuarina,Casuarinaceae,60,2007,Park,1
Casuarina,Casuarinaceae,60,2008,Park,1
Casuarina,Casuarinaceae,60,2009,Park,33
Casuarina,Casuarinaceae,60,2010,Park,18
Casuarina,Casuarinaceae,80,2010,Park,15
Catalpa,Bignoniaceae,20,1998,Park,1
Cedrus,Pinaceae,10,1900,Park,2
Cedrus,Pinaceae,10,1998,Park,13
Cedrus,Pinaceae,20,1900,Park,2
Cedrus,Pinaceae,20,1998,Park,32
Cedrus,Pinaceae,20,2000,Park,1
Cedrus,Pinaceae,30,1900,Park,1
Cedrus,Pinaceae,30,1998,Park,28
Cedrus,Pinaceae,30,2000,Park,1
Cedrus,Pinaceae,30,2008,Street,1
Cedrus,Pinaceae,5,1998,Park,6
Cedrus,Pinaceae,5,2008,Park,1
Cedrus,Pinaceae,60,1900,Park,1
Cedrus,Pinaceae,60,1998,Park,31
Cedrus,Pinaceae,60,2000,Park,2
Cedrus,Pinaceae,80,1900,Park,41
Cedrus,Pinaceae,80,1998,Park,5
Cedrus,Pinaceae,80,2000,Park,4
Cedrus,Pinaceae,80,2006,Park,9
Cedrus,Pinaceae,80,2008,Park,21
Cedrus,Pinaceae,80,2009,Park,8
Cedrus,Pinaceae,80,2010,Park,7
Celtis,Cannabaceae,10,1900,Street,1
Celtis,Cannabaceae,10,1997,Street,4
Celtis,Cannabaceae,10,1999,Street,1
Celtis,Cannabaceae,10,2006,Street,3
Celtis,Cannabaceae,10,2008,Street,2
Celtis,Cannabaceae,20,1900,Street,1
Celtis,Cannabaceae,20,1997,Street,3
Celtis,Cannabaceae,20,2006,Street,10
Celtis,Cannabaceae,20,2008,Street,1
Celtis,Cannabaceae,30,1900,Street,2
Celtis,Cannabaceae,30,1997,Street,15
Celtis,Cannabaceae,30,1998,Park,2
Celtis,Cannabaceae,30,1999,Park,1
Celtis,Cannabaceae,30,1999,Street,22
Celtis,Cannabaceae,30,2000,Street,1
Celtis,Cannabaceae,30,2006,Street,31
Celtis,Cannabaceae,30,2008,Street,11
Celtis,Cannabaceae,5,1900,Street,1
Celtis,Cannabaceae,5,2008,Street,2
Celtis,Cannabaceae,5,2009,Street,2
Celtis,Cannabaceae,60,1900,Park,2
Celtis,Cannabaceae,60,1900,Street,4
Celtis,Cannabaceae,60,1998,Park,4
Celtis,Cannabaceae,60,1999,Street,1
Celtis,Cannabaceae,60,2006,Park,3
Celtis,Cannabaceae,60,2006,Street,11
Celtis,Cannabaceae,60,2007,Park,1
Celtis,Cannabaceae,60,2008,Street,5
Celtis,Cannabaceae,60,2009,Street,3
Celtis,Cannabaceae,80,2006,Street,1
Celtis,Cannabaceae,80,2007,Park,2
Celtis,Cannabaceae,80,2010,Street,1
Ceratonia,Fabaceae,60,2008,Park,1
Ceratonia,Fabaceae,60,2010,Park,1
Cercis,Fabaceae,30,1900,Park,1
Cercis,Fabaceae,30,2000,Street,1
Cercis,Fabaceae,30,2008,Street,1
Cercis,Fabaceae,60,2000,Street,1
Cercis,Fabaceae,80,1900,Park,5
Cercis,Fabaceae,80,2008,Park,3
Chamaerops,Arecaceae,60,1998,Park,4
Chamaerops,Arecaceae,60,2000,Park,1
Chamaerops,Arecaceae,60,2010,Park,1
Chamaerops,Arecaceae,80,2009,Street,5
Cinnamomum,Lauraceae,10,1998,Park,1
Cinnamomum,Lauraceae,20,1900,Park,1
Cinnamomum,Lauraceae,20,1998,Park,2
Cinnamomum,Lauraceae,30,1998,Park,2
Cinnamomum,Lauraceae,30,2000,Street,1
Cinnamomum,Lauraceae,5,1998,Park,2
Cinnamomum,Lauraceae,60,2006,Street,1
Cinnamomum,Lauraceae,80,1900,Park,4
Cinnamomum,Lauraceae,80,2006,Park,7
Cinnamomum,Lauraceae,80,2006,Street,4
Cinnamomum,Lauraceae,80,2007,Park,2
Cinnamomum,Lauraceae,80,2008,Park,1
Cinnamomum,Lauraceae,80,2009,Park,2
Cinnamomum,Lauraceae,80,2009,Street,1
Cinnamomum,Lauraceae,80,2010,Park,1
Citrus,Rutaceae,5,2010,Street,1
Cordyline,Asparagaceae,10,1900,Park,2
Cordyline,Asparagaceae,20,1998,Park,3
Cordyline,Asparagaceae,20,2000,Park,1
Cordyline,Asparagaceae,20,2010,Street,2
Cordyline,Asparagaceae,30,1998,Park,3
Cordyline,Asparagaceae,5,1998,Park,1
Cordyline,Asparagaceae,80,1900,Park,1
Corylopsis,Hamamelidaceae,10,1900,Park,2
Corylopsis,Hamamelidaceae,20,1900,Park,1
Corymbia,Myrtaceae,1,1900,Park,2
Corymbia,Myrtaceae,1,1998,Park,1
Corymbia,Myrtaceae,1,1999,Park,4
Corymbia,Myrtaceae,1,2000,Street,1
Corymbia,Myrtaceae,1,2006,Park,1
Corymbia,Myrtaceae,1,2007,Street,1
Corymbia,Myrtaceae,1,2009,Park,1
Corymbia,Myrtaceae,1,2009,Street,1
Corymbia,Myrtaceae,1,2010,Park,1
Corymbia,Myrtaceae,10,1900,Park,12
Corymbia,Myrtaceae,10,1900,Street,3
Corymbia,Myrtaceae,10,1997,Street,1
Corymbia,Myrtaceae,10,1998,Park,6
Corymbia,Myrtaceae,10,1999,Park,16
Corymbia,Myrtaceae,10,1999,Street,1
Corymbia,Myrtaceae,10,2000,Street,1
Corymbia,Myrtaceae,10,2006,Street,1
Corymbia,Myrtaceae,10,2007,Street,1
Corymbia,Myrtaceae,10,2008,Street,4
Corymbia,Myrtaceae,10,2009,Street,1
Corymbia,Myrtaceae,10,2010,Street,3
Corymbia,Myrtaceae,20,1900,Park,16
Corymbia,Myrtaceae,20,1900,Street,9
Corymbia,Myrtaceae,20,1997,Street,10
Corymbia,Myrtaceae,20,1998,Park,11
Corymbia,Myrtaceae,20,1998,Street,2
Corymbia,Myrtaceae,20,1999,Park,28
Corymbia,Myrtaceae,20,2000,Park,3
Corymbia,Myrtaceae,20,2000,Street,7
Corymbia,Myrtaceae,20,2006,Park,1
Corymbia,Myrtaceae,20,2006,Street,2
Corymbia,Myrtaceae,20,2007,Street,3
Corymbia,Myrtaceae,20,2008,Street,26
Corymbia,Myrtaceae,20,2009,Park,2
Corymbia,Myrtaceae,20,2009,Street,5
Corymbia,Myrtaceae,30,1899,Street,1
Corymbia,Myrtaceae,30,1900,Park,7
Corymbia,Myrtaceae,30,1900,Street,24
Corymbia,Myrtaceae,30,1997,Park,1
Corymbia,Myrtaceae,30,1997,Street,91
Corymbia,Myrtaceae,30,1998,Park,18
Corymbia,Myrtaceae,30,1999,Park,39
Corymbia,Myrtaceae,30,1999,Street,1
Corymbia,Myrtaceae,30,2000,Street,73
Corymbia,Myrtaceae,30,2006,Park,2
Corymbia,Myrtaceae,30,2006,Street,15
Corymbia,Myrtaceae,30,2007,Street,1
Corymbia,Myrtaceae,30,2008,Park,2
Corymbia,Myrtaceae,30,2008,Street,16
Corymbia,Myrtaceae,30,2009,Park,5
Corymbia,Myrtaceae,30,2009,Street,8
Corymbia,Myrtaceae,30,2010,Street,1
Corymbia,Myrtaceae,5,1900,Park,4
Corymbia,Myrtaceae,5,1900,Street,1
Corymbia,Myrtaceae,5,1999,Park,23
Corymbia,Myrtaceae,5,2006,Park,2
Corymbia,Myrtaceae,5,2006,Street,2
Corymbia,Myrtaceae,5,2008,Street,2
Corymbia,Myrtaceae,5,2009,Park,1
Corymbia,Myrtaceae,5,2010,Street,2
Corymbia,Myrtaceae,60,1899,Street,3
Corymbia,Myrtaceae,60,1900,Park,33
Corymbia,Myrtaceae,60,1900,Street,174
Corymbia,Myrtaceae,60,1977,Park,1
Corymbia,Myrtaceae,60,1997,Park,6
Corymbia,Myrtaceae,60,1997,Street,355
Corymbia,Myrtaceae,60,1998,Park,151
Corymbia,Myrtaceae,60,1998,Street,6
Corymbia,Myrtaceae,60,1999,Park,46
Corymbia,Myrtaceae,60,1999,Street,5
Corymbia,Myrtaceae,60,2000,Park,8
Corymbia,Myrtaceae,60,2000,Street,70
Corymbia,Myrtaceae,60,2005,Street,7
Corymbia,Myrtaceae,60,2006,Park,5
Corymbia,Myrtaceae,60,2006,Street,74
Corymbia,Myrtaceae,60,2007,Street,79
Corymbia,Myrtaceae,60,2008,Park,11
Corymbia,Myrtaceae,60,2008,Street,69
Corymbia,Myrtaceae,60,2009,Park,19
Corymbia,Myrtaceae,60,2009,Street,84
Corymbia,Myrtaceae,60,2010,Street,24
Corymbia,Myrtaceae,80,1900,Park,29
Corymbia,Myrtaceae,80,1900,Street,30
Corymbia,Myrtaceae,80,1997,Street,25
Corymbia,Myrtaceae,80,1998,Park,28
Corymbia,Myrtaceae,80,1999,Park,19
Corymbia,Myrtaceae,80,2000,Park,11
Corymbia,Myrtaceae,80,2000,Street,14
Corymbia,Myrtaceae,80,2005,Park,4
Corymbia,Myrtaceae,80,2005,Street,1
Corymbia,Myrtaceae,80,2006,Park,58
Corymbia,Myrtaceae,80,2006,Street,30
Corymbia,Myrtaceae,80,2007,Park,11
Corymbia,Myrtaceae,80,2007,Street,54
Corymbia,Myrtaceae,80,2008,Park,37
Corymbia,Myrtaceae,80,2008,Street,45
Corymbia,Myrtaceae,80,2009,Park,58
Corymbia,Myrtaceae,80,2009,Street,122
Corymbia,Myrtaceae,80,2010,Park,94
Corymbia,Myrtaceae,80,2010,Street,21
Corynocarpus,Corynocarpaceae,30,1998,Park,1
Crataegus,Rosaceae,20,1900,Street,1
Crataegus,Rosaceae,20,1997,Street,6
Crataegus,Rosaceae,30,1997,Street,1
Cunninghamia,Cupressaceae,1,1998,Park,1
Cupaniopsis,Sapindaceae,10,2009,Park,2
Cupaniopsis,Sapindaceae,20,2009,Park,6
Cupaniopsis,Sapindaceae,30,2009,Park,5
Cupaniopsis,Sapindaceae,60,2009,Park,5
Cupaniopsis,Sapindaceae,60,2010,Street,33
Cupaniopsis,Sapindaceae,80,2010,Street,1
Cupressus,Cupressaceae,20,1900,Park,3
Cupressus,Cupressaceae,20,1998,Park,2
Cupressus,Cupressaceae,30,1900,Park,2
Cupressus,Cupressaceae,30,1998,Park,11
Cupressus,Cupressaceae,60,1900,Park,21
Cupressus,Cupressaceae,60,1998,Park,23
Cupressus,Cupressaceae,60,2000,Park,2
Cupressus,Cupressaceae,80,2006,Park,1
Dracaena,Asparagaceae,80,1900,Park,5
Elaeocarpus,Elaeocarpaceae,80,2005,Park,2
Erythrina,Leguminosae,30,1998,Park,2
Erythrina,Leguminosae,60,1998,Park,2
Eucalyptus,Myrtaceae,1,1900,Park,1
Eucalyptus,Myrtaceae,1,1998,Park,1
Eucalyptus,Myrtaceae,1,1999,Park,13
Eucalyptus,Myrtaceae,1,1999,Street,3
Eucalyptus,Myrtaceae,1,2006,Park,2
Eucalyptus,Myrtaceae,1,2008,Street,5
Eucalyptus,Myrtaceae,1,2010,Park,2
Eucalyptus,Myrtaceae,1,2010,Street,3
Eucalyptus,Myrtaceae,10,1900,Park,9
Eucalyptus,Myrtaceae,10,1997,Street,1
Eucalyptus,Myrtaceae,10,1998,Park,12
Eucalyptus,Myrtaceae,10,1999,Park,91
Eucalyptus,Myrtaceae,10,1999,Street,5
Eucalyptus,Myrtaceae,10,2006,Park,9
Eucalyptus,Myrtaceae,10,2006,Street,4
Eucalyptus,Myrtaceae,10,2007,Park,1
Eucalyptus,Myrtaceae,10,2007,Street,2
Eucalyptus,Myrtaceae,10,2008,Park,2
Eucalyptus,Myrtaceae,10,2008,Street,7
Eucalyptus,Myrtaceae,10,2009,Park,6
Eucalyptus,Myrtaceae,10,2009,Street,2
Eucalyptus,Myrtaceae,10,2010,Park,1
Eucalyptus,Myrtaceae,10,2010,Street,5
Eucalyptus,Myrtaceae,20,1900,Park,15
Eucalyptus,Myrtaceae,20,1900,Street,4
Eucalyptus,Myrtaceae,20,1997,Street,3
Eucalyptus,Myrtaceae,20,1998,Park,30
Eucalyptus,Myrtaceae,20,1999,Park,131
Eucalyptus,Myrtaceae,20,1999,Street,9
Eucalyptus,Myrtaceae,20,2000,Park,1
Eucalyptus,Myrtaceae,20,2000,Street,2
Eucalyptus,Myrtaceae,20,2005,Street,2
Eucalyptus,Myrtaceae,20,2006,Park,2
Eucalyptus,Myrtaceae,20,2006,Street,9
Eucalyptus,Myrtaceae,20,2007,Street,2
Eucalyptus,Myrtaceae,20,2008,Park,2
Eucalyptus,Myrtaceae,20,2008,Street,8
Eucalyptus,Myrtaceae,20,2009,Park,7
Eucalyptus,Myrtaceae,20,2009,Street,1
Eucalyptus,Myrtaceae,20,2010,Street,15
Eucalyptus,Myrtaceae,30,1900,Park,16
Eucalyptus,Myrtaceae,30,1900,Street,17
Eucalyptus,Myrtaceae,30,1997,Street,17
Eucalyptus,Myrtaceae,30,1998,Park,43
Eucalyptus,Myrtaceae,30,1999,Park,182
Eucalyptus,Myrtaceae,30,1999,Street,12
Eucalyptus,Myrtaceae,30,2000,Park,2
Eucalyptus,Myrtaceae,30,2000,Street,10
Eucalyptus,Myrtaceae,30,2005,Street,1
Eucalyptus,Myrtaceae,30,2006,Park,3
Eucalyptus,Myrtaceae,30,2006,Street,15
Eucalyptus,Myrtaceae,30,2007,Street,1
Eucalyptus,Myrtaceae,30,2008,Park,3
Eucalyptus,Myrtaceae,30,2008,Street,20
Eucalyptus,Myrtaceae,30,2009,Park,21
Eucalyptus,Myrtaceae,30,2009,Street,3
Eucalyptus,Myrtaceae,30,2010,Park,1
Eucalyptus,Myrtaceae,30,2010,Street,3
Eucalyptus,Myrtaceae,5,1900,Park,9
Eucalyptus,Myrtaceae,5,1998,Park,4
Eucalyptus,Myrtaceae,5,1999,Park,46
Eucalyptus,Myrtaceae,5,1999,Street,7
Eucalyptus,Myrtaceae,5,2000,Street,1
Eucalyptus,Myrtaceae,5,2005,Park,1
Eucalyptus,Myrtaceae,5,2006,Park,1
Eucalyptus,Myrtaceae,5,2007,Street,1
Eucalyptus,Myrtaceae,5,2008,Street,4
Eucalyptus,Myrtaceae,5,2009,Park,4
Eucalyptus,Myrtaceae,5,2009,Street,1
Eucalyptus,Myrtaceae,5,2010,Park,2
Eucalyptus,Myrtaceae,5,2010,Street,2
Eucalyptus,Myrtaceae,60,1900,Park,59
Eucalyptus,Myrtaceae,60,1900,Street,26
Eucalyptus,Myrtaceae,60,1997,Park,1
Eucalyptus,Myrtaceae,60,1997,Street,18
Eucalyptus,Myrtaceae,60,1998,Park,134
Eucalyptus,Myrtaceae,60,1999,Park,231
Eucalyptus,Myrtaceae,60,1999,Street,11
Eucalyptus,Myrtaceae,60,2000,Park,24
Eucalyptus,Myrtaceae,60,2000,Street,34
Eucalyptus,Myrtaceae,60,2005,Park,1
Eucalyptus,Myrtaceae,60,2006,Park,39
Eucalyptus,Myrtaceae,60,2006,Street,104
Eucalyptus,Myrtaceae,60,2007,Park,3
Eucalyptus,Myrtaceae,60,2007,Street,66
Eucalyptus,Myrtaceae,60,2008,Park,23
Eucalyptus,Myrtaceae,60,2008,Street,79
Eucalyptus,Myrtaceae,60,2009,Park,55
Eucalyptus,Myrtaceae,60,2009,Street,35
Eucalyptus,Myrtaceae,60,2010,Park,18
Eucalyptus,Myrtaceae,60,2010,Street,21
Eucalyptus,Myrtaceae,80,1900,Park,28
Eucalyptus,Myrtaceae,80,1900,Street,2
Eucalyptus,Myrtaceae,80,1997,Street,3
Eucalyptus,Myrtaceae,80,1998,Park,40
Eucalyptus,Myrtaceae,80,1999,Park,72
Eucalyptus,Myrtaceae,80,1999,Street,20
Eucalyptus,Myrtaceae,80,2000,Park,39
Eucalyptus,Myrtaceae,80,2000,Street,6
Eucalyptus,Myrtaceae,80,2005,Park,3
Eucalyptus,Myrtaceae,80,2006,Park,40
Eucalyptus,Myrtaceae,80,2006,Street,82
Eucalyptus,Myrtaceae,80,2007,Park,12
Eucalyptus,Myrtaceae,80,2007,Street,26
Eucalyptus,Myrtaceae,80,2008,Park,57
Eucalyptus,Myrtaceae,80,2008,Street,83
Eucalyptus,Myrtaceae,80,2009,Park,50
Eucalyptus,Myrtaceae,80,2009,Street,27
Eucalyptus,Myrtaceae,80,2010,Park,97
Eucalyptus,Myrtaceae,80,2010,Street,112
Fagus,Fagaceae,30,1998,Park,1
Fagus,Fagaceae,60,1998,Park,1
Fagus,Fagaceae,60,2000,Park,1
Ficus,Moraceae,1,1998,Park,1
Ficus,Moraceae,1,2000,Street,1
Ficus,Moraceae,10,1900,Park,1
Ficus,Moraceae,10,1997,Park,4
Ficus,Moraceae,10,1997,Street,2
Ficus,Moraceae,10,1998,Park,39
Ficus,Moraceae,10,1998,Street,1
Ficus,Moraceae,10,1999,Park,1
Ficus,Moraceae,10,2009,Park,6
Ficus,Moraceae,10,2009,Street,2
Ficus,Moraceae,20,1900,Park,5
Ficus,Moraceae,20,1997,Park,9
Ficus,Moraceae,20,1998,Park,39
Ficus,Moraceae,20,1998,Street,1
Ficus,Moraceae,20,1999,Park,1
Ficus,Moraceae,20,2000,Park,1
Ficus,Moraceae,20,2000,Street,1
Ficus,Moraceae,20,2006,Park,1
Ficus,Moraceae,20,2009,Park,7
Ficus,Moraceae,20,2009,Street,8
Ficus,Moraceae,30,1900,Park,1
Ficus,Moraceae,30,1900,Street,3
Ficus,Moraceae,30,1997,Park,8
Ficus,Moraceae,30,1997,Street,1
Ficus,Moraceae,30,1998,Park,76
Ficus,Moraceae,30,1999,Park,2
Ficus,Moraceae,30,1999,Street,1
Ficus,Moraceae,30,2000,Street,8
Ficus,Moraceae,30,2006,Park,1
Ficus,Moraceae,30,2008,Street,1
Ficus,Moraceae,30,2009,Park,31
Ficus,Moraceae,30,2009,Street,62
Ficus,Moraceae,5,1997,Park,1
Ficus,Moraceae,5,1998,Park,18
Ficus,Moraceae,60,1900,Park,5
Ficus,Moraceae,60,1900,Street,4
Ficus,Moraceae,60,1997,Park,14
Ficus,Moraceae,60,1998,Park,146
Ficus,Moraceae,60,1998,Street,1
Ficus,Moraceae,60,1999,Park,8
Ficus,Moraceae,60,1999,Street,7
Ficus,Moraceae,60,2000,Park,2
Ficus,Moraceae,60,2000,Street,3
Ficus,Moraceae,60,2006,Park,1
Ficus,Moraceae,60,2007,Park,2
Ficus,Moraceae,60,2007,Street,2
Ficus,Moraceae,60,2008,Park,2
Ficus,Moraceae,60,2008,Street,4
Ficus,Moraceae,60,2009,Park,9
Ficus,Moraceae,60,2009,Street,16
Ficus,Moraceae,60,2010,Park,11
Ficus,Moraceae,60,2010,Street,36
Ficus,Moraceae,80,1900,Park,3
Ficus,Moraceae,80,1997,Street,1
Ficus,Moraceae,80,1999,Park,1
Ficus,Moraceae,80,2000,Park,1
Ficus,Moraceae,80,2005,Park,1
Ficus,Moraceae,80,2006,Park,45
Ficus,Moraceae,80,2006,Street,3
Ficus,Moraceae,80,2007,Park,1
Ficus,Moraceae,80,2008,Park,5
Ficus,Moraceae,80,2009,Park,11
Ficus,Moraceae,80,2009,Street,10
Ficus,Moraceae,80,2010,Park,12
Firmiana,Malvaceae,20,1900,Park,1
Flindersia,Rutaceae,60,1900,Park,1
Flindersia,Rutaceae,60,2009,Street,1
Flindersia,Rutaceae,80,2010,Park,1
Fraxinus,Oleaceae,1,1900,Street,1
Fraxinus,Oleaceae,10,1900,Park,8
Fraxinus,Oleaceae,10,1900,Street,3
Fraxinus,Oleaceae,10,1997,Street,6
Fraxinus,Oleaceae,10,1998,Park,6
Fraxinus,Oleaceae,10,1999,Park,1
Fraxinus,Oleaceae,10,2007,Park,1
Fraxinus,Oleaceae,20,1900,Park,17
Fraxinus,Oleaceae,20,1900,Street,5
Fraxinus,Oleaceae,20,1997,Park,1
Fraxinus,Oleaceae,20,1997,Street,8
Fraxinus,Oleaceae,20,1998,Park,8
Fraxinus,Oleaceae,20,2008,Street,1
Fraxinus,Oleaceae,20,2009,Street,1
Fraxinus,Oleaceae,30,1900,Park,6
Fraxinus,Oleaceae,30,1900,Street,2
Fraxinus,Oleaceae,30,1997,Street,29
Fraxinus,Oleaceae,30,1998,Park,12
Fraxinus,Oleaceae,30,1999,Park,1
Fraxinus,Oleaceae,30,2000,Street,3
Fraxinus,Oleaceae,30,2008,Street,2
Fraxinus,Oleaceae,5,1900,Park,3
Fraxinus,Oleaceae,5,1900,Street,1
Fraxinus,Oleaceae,5,1997,Street,3
Fraxinus,Oleaceae,5,1998,Park,4
Fraxinus,Oleaceae,5,1999,Park,1
Fraxinus,Oleaceae,5,2008,Street,1
Fraxinus,Oleaceae,60,1900,Park,1
Fraxinus,Oleaceae,60,1997,Street,4
Fraxinus,Oleaceae,60,1998,Park,13
Fraxinus,Oleaceae,60,1999,Park,1
Fraxinus,Oleaceae,60,2000,Street,1
Fraxinus,Oleaceae,60,2009,Street,3
Garrya,Garryaceae,20,2000,Park,1
Geijera,Rutaceae,1,2006,Park,1
Ginkgo,Ginkgoaceae,1,2006,Street,1
Ginkgo,Ginkgoaceae,10,1900,Park,1
Ginkgo,Ginkgoaceae,10,1900,Street,1
Ginkgo,Ginkgoaceae,10,1997,Street,1
Ginkgo,Ginkgoaceae,10,2006,Street,5
Ginkgo,Ginkgoaceae,10,2007,Street,1
Ginkgo,Ginkgoaceae,20,1900,Street,1
Ginkgo,Ginkgoaceae,20,1997,Street,4
Ginkgo,Ginkgoaceae,20,2006,Street,1
Ginkgo,Ginkgoaceae,20,2008,Street,1
Ginkgo,Ginkgoaceae,30,1900,Street,1
Ginkgo,Ginkgoaceae,30,1997,Street,1
Ginkgo,Ginkgoaceae,30,2008,Street,1
Ginkgo,Ginkgoaceae,5,2006,Street,2
Ginkgo,Ginkgoaceae,60,1900,Street,14
Ginkgo,Ginkgoaceae,60,1997,Street,20
Ginkgo,Ginkgoaceae,60,1998,Park,2
Ginkgo,Ginkgoaceae,60,2000,Street,1
Ginkgo,Ginkgoaceae,60,2006,Park,1
Ginkgo,Ginkgoaceae,60,2006,Street,16
Ginkgo,Ginkgoaceae,60,2007,Street,9
Ginkgo,Ginkgoaceae,60,2008,Street,4
Ginkgo,Ginkgoaceae,60,2009,Street,1
Ginkgo,Ginkgoaceae,80,1900,Park,2
Ginkgo,Ginkgoaceae,80,2006,Park,1
Ginkgo,Ginkgoaceae,80,2007,Park,1
Ginkgo,Ginkgoaceae,80,2008,Park,1
Ginkgo,Ginkgoaceae,80,2010,Park,2
Gleditsia,Fabaceae,10,1900,Park,1
Gleditsia,Fabaceae,10,1900,Street,3
Gleditsia,Fabaceae,20,1900,Park,2
Gleditsia,Fabaceae,20,1900,Street,15
Gleditsia,Fabaceae,20,1998,Park,1
Gleditsia,Fabaceae,20,1999,Park,1
Gleditsia,Fabaceae,30,1900,Park,1
Gleditsia,Fabaceae,30,1900,Street,72
Gleditsia,Fabaceae,30,1998,Park,1
Gleditsia,Fabaceae,30,1999,Park,3
Gleditsia,Fabaceae,30,2007,Street,1
Gleditsia,Fabaceae,5,1900,Park,1
Gleditsia,Fabaceae,5,1900,Street,1
Gleditsia,Fabaceae,60,1900,Park,6
Gleditsia,Fabaceae,60,1900,Street,9
Gleditsia,Fabaceae,60,1998,Park,1
Gleditsia,Fabaceae,60,2000,Park,1
Gleditsia,Fabaceae,60,2008,Street,1
Glochidion,Phyllanthaceae,20,1998,Park,1
Grevillea,Proteaceae,10,1900,Park,1
Grevillea,Proteaceae,10,1998,Park,4
Grevillea,Proteaceae,10,1998,Street,5
Grevillea,Proteaceae,20,1900,Park,8
Grevillea,Proteaceae,20,1998,Park,24
Grevillea,Proteaceae,20,1998,Street,8
Grevillea,Proteaceae,20,1999,Park,2
Grevillea,Proteaceae,20,2000,Park,1
Grevillea,Proteaceae,30,1997,Street,1
Grevillea,Proteaceae,30,1998,Park,12
Grevillea,Proteaceae,30,1998,Street,8
Grevillea,Proteaceae,30,2007,Park,1
Grevillea,Proteaceae,30,2008,Street,1
Grevillea,Proteaceae,5,1998,Street,1
Grevillea,Proteaceae,5,1999,Park,1
Grevillea,Proteaceae,60,1900,Park,1
Grevillea,Proteaceae,60,1900,Street,1
Grevillea,Proteaceae,60,1998,Park,2
Grevillea,Proteaceae,60,1998,Street,3
Grevillea,Proteaceae,60,1999,Park,1
Grevillea,Proteaceae,80,1900,Park,2
Grevillea,Proteaceae,80,2006,Park,1
Grevillea,Proteaceae,80,2008,Park,3
Harpephyllum,Anacardiaceae,80,2000,Park,1
Harpephyllum,Anacardiaceae,80,2007,Park,1
Hesperocyparis,Cupressaceae,10,1900,Park,1
Hesperocyparis,Cupressaceae,10,1998,Park,3
Hesperocyparis,Cupressaceae,20,1900,Park,3
Hesperocyparis,Cupressaceae,20,1998,Park,11
Hesperocyparis,Cupressaceae,30,1900,Park,3
Hesperocyparis,Cupressaceae,30,1998,Park,5
Hesperocyparis,Cupressaceae,30,1998,Street,1
Hesperocyparis,Cupressaceae,60,1900,Park,1
Hesperocyparis,Cupressaceae,80,2006,Park,1
Hymenosporum,Pittosporaceae,10,1900,Park,2
Hymenosporum,Pittosporaceae,10,1900,Street,1
Hymenosporum,Pittosporaceae,10,1999,Street,2
Hymenosporum,Pittosporaceae,10,2010,Street,1
Hymenosporum,Pittosporaceae,20,1900,Street,1
Hymenosporum,Pittosporaceae,20,1999,Street,2
Hymenosporum,Pittosporaceae,30,1900,Park,1
Hymenosporum,Pittosporaceae,30,1999,Street,1
Hymenosporum,Pittosporaceae,5,1999,Street,1
Hymenosporum,Pittosporaceae,5,2008,Park,2
Hymenosporum,Pittosporaceae,60,1900,Park,2
Hymenosporum,Pittosporaceae,60,2000,Street,2
Ilex,Aquifoliaceae,20,1900,Park,1
Ilex,Aquifoliaceae,30,1900,Park,1
Ilex,Aquifoliaceae,30,1998,Park,1
Jacaranda,Bignoniaceae,10,1998,Park,2
Jacaranda,Bignoniaceae,10,2008,Street,1
Jacaranda,Bignoniaceae,20,1900,Park,1
Jacaranda,Bignoniaceae,20,1998,Park,3
Jacaranda,Bignoniaceae,20,2000,Street,2
Jacaranda,Bignoniaceae,20,2006,Street,1
Jacaranda,Bignoniaceae,20,2008,Street,1
Jacaranda,Bignoniaceae,30,1900,Park,2
Jacaranda,Bignoniaceae,30,1997,Street,1
Jacaranda,Bignoniaceae,30,1998,Park,4
Jacaranda,Bignoniaceae,30,1998,Street,1
Jacaranda,Bignoniaceae,30,2000,Park,1
Jacaranda,Bignoniaceae,30,2000,Street,25
Jacaranda,Bignoniaceae,30,2008,Street,1
Jacaranda,Bignoniaceae,30,2009,Park,1
Jacaranda,Bignoniaceae,5,2000,Street,1
Jacaranda,Bignoniaceae,5,2006,Street,1
Jacaranda,Bignoniaceae,5,2010,Street,1
Jacaranda,Bignoniaceae,60,1900,Park,5
Jacaranda,Bignoniaceae,60,1900,Street,3
Jacaranda,Bignoniaceae,60,1997,Street,2
Jacaranda,Bignoniaceae,60,1998,Park,9
Jacaranda,Bignoniaceae,60,2000,Park,3
Jacaranda,Bignoniaceae,60,2000,Street,7
Jacaranda,Bignoniaceae,60,2007,Street,1
Jacaranda,Bignoniaceae,60,2008,Park,1
Jacaranda,Bignoniaceae,60,2008,Street,10
Jacaranda,Bignoniaceae,80,1900,Park,5
Jacaranda,Bignoniaceae,80,1900,Street,2
Jacaranda,Bignoniaceae,80,2000,Park,2
Jacaranda,Bignoniaceae,80,2006,Park,4
Jacaranda,Bignoniaceae,80,2007,Park,1
Jubaea,Arecaceae,60,1998,Park,1
Juniperus,Cupressaceae,30,1998,Park,1
Koelreuteria,Sapindaceae,60,1900,Park,1
Laburnum,Fabaceae,10,1900,Street,2
Laburnum,Fabaceae,20,1900,Street,1
Lagerstroemia,Lythraceae,30,1900,Park,1
Lagerstroemia,Lythraceae,30,1998,Park,1
Lagerstroemia,Lythraceae,30,2006,Park,1
Lagerstroemia,Lythraceae,60,1900,Park,3
Lagerstroemia,Lythraceae,60,2007,Park,3
Lagerstroemia,Lythraceae,60,2010,Park,2
Lagunaria,Malvaceae,20,1900,Park,2
Lagunaria,Malvaceae,20,1900,Street,1
Lagunaria,Malvaceae,20,1998,Park,2
Lagunaria,Malvaceae,30,1900,Park,16
Lagunaria,Malvaceae,30,1900,Street,10
Lagunaria,Malvaceae,30,1998,Park,7
Lagunaria,Malvaceae,60,1900,Park,5
Lagunaria,Malvaceae,60,1900,Street,11
Lagunaria,Malvaceae,60,1998,Park,1
Lagunaria,Malvaceae,60,2008,Street,1
Ligustrum,Oleaceae,1,1998,Park,1
Ligustrum,Oleaceae,20,1900,Park,1
Ligustrum,Oleaceae,20,1998,Park,6
Ligustrum,Oleaceae,20,1998,Street,1
Ligustrum,Oleaceae,20,2000,Park,1
Ligustrum,Oleaceae,30,1998,Park,2
Liquidambar,Altingiaceae,1,1998,Park,1
Liquidambar,Altingiaceae,10,1997,Street,3
Liquidambar,Altingiaceae,10,1998,Park,3
Liquidambar,Altingiaceae,20,1900,Street,1
Liquidambar,Altingiaceae,20,1997,Street,14
Liquidambar,Altingiaceae,20,1998,Park,3
Liquidambar,Altingiaceae,30,1900,Park,1
Liquidambar,Altingiaceae,30,1900,Street,5
Liquidambar,Altingiaceae,30,1997,Street,17
Liquidambar,Altingiaceae,30,1998,Park,5
Liquidambar,Altingiaceae,30,2000,Street,2
Liquidambar,Altingiaceae,5,1900,Park,1
Liquidambar,Altingiaceae,5,1997,Street,1
Liquidambar,Altingiaceae,5,2007,Street,1
Liquidambar,Altingiaceae,60,1900,Park,2
Liquidambar,Altingiaceae,60,1900,Street,7
Liquidambar,Altingiaceae,60,1997,Street,8
Liquidambar,Altingiaceae,60,1998,Park,8
Liquidambar,Altingiaceae,60,2000,Street,4
Liquidambar,Altingiaceae,60,2006,Park,1
Liquidambar,Altingiaceae,60,2007,Street,6
Liquidambar,Altingiaceae,60,2008,Street,3
Liriodendron,Magnoliaceae,1,1998,Park,1
Liriodendron,Magnoliaceae,10,1900,Street,1
Liriodendron,Magnoliaceae,10,1998,Park,1
Liriodendron,Magnoliaceae,10,2006,Street,2
Liriodendron,Magnoliaceae,10,2008,Street,1
Liriodendron,Magnoliaceae,20,1997,Street,1
Liriodendron,Magnoliaceae,20,2006,Street,4
Liriodendron,Magnoliaceae,30,1900,Park,1
Liriodendron,Magnoliaceae,30,1900,Street,2
Liriodendron,Magnoliaceae,30,1997,Street,6
Liriodendron,Magnoliaceae,30,2006,Street,4
Liriodendron,Magnoliaceae,5,1900,Park,1
Liriodendron,Magnoliaceae,5,2006,Park,1
Liriodendron,Magnoliaceae,5,2006,Street,1
Liriodendron,Magnoliaceae,60,1900,Park,1
Liriodendron,Magnoliaceae,60,1900,Street,4
Liriodendron,Magnoliaceae,60,1997,Street,1
Liriodendron,Magnoliaceae,60,1998,Park,5
Liriodendron,Magnoliaceae,60,2006,Street,6
Liriodendron,Magnoliaceae,60,2007,Park,1
Liriodendron,Magnoliaceae,60,2008,Street,22
Liriodendron,Magnoliaceae,60,2009,Street,2
Liriodendron,Magnoliaceae,60,2010,Street,7
Liriodendron,Magnoliaceae,80,2006,Park,1
Livistona,Arecaceae,60,1900,Park,4
Livistona,Arecaceae,60,1998,Park,6
Livistona,Arecaceae,60,2009,Street,4
Lophostemon,Myrtaceae,10,1900,Street,4
Lophostemon,Myrtaceae,10,1997,Street,15
Lophostemon,Myrtaceae,10,1998,Park,9
Lophostemon,Myrtaceae,10,1999,Park,1
Lophostemon,Myrtaceae,10,2008,Park,2
Lophostemon,Myrtaceae,10,2008,Street,4
Lophostemon,Myrtaceae,10,2009,Park,1
Lophostemon,Myrtaceae,20,1900,Park,4
Lophostemon,Myrtaceae,20,1900,Street,22
Lophostemon,Myrtaceae,20,1997,Park,2
Lophostemon,Myrtaceae,20,1997,Street,56
Lophostemon,Myrtaceae,20,1998,Park,14
Lophostemon,Myrtaceae,20,2000,Park,2
Lophostemon,Myrtaceae,20,2007,Park,1
Lophostemon,Myrtaceae,20,2008,Street,5
Lophostemon,Myrtaceae,30,1900,Park,4
Lophostemon,Myrtaceae,30,1900,Street,95
Lophostemon,Myrtaceae,30,1997,Park,15
Lophostemon,Myrtaceae,30,1997,Street,168
Lophostemon,Myrtaceae,30,1998,Park,28
Lophostemon,Myrtaceae,30,1999,Park,2
Lophostemon,Myrtaceae,30,2008,Park,2
Lophostemon,Myrtaceae,30,2008,Street,7
Lophostemon,Myrtaceae,30,2010,Street,1
Lophostemon,Myrtaceae,5,1900,Park,2
Lophostemon,Myrtaceae,5,1900,Street,5
Lophostemon,Myrtaceae,5,1997,Street,7
Lophostemon,Myrtaceae,5,2008,Street,3
Lophostemon,Myrtaceae,60,1899,Street,1
Lophostemon,Myrtaceae,60,1900,Park,5
Lophostemon,Myrtaceae,60,1900,Street,34
Lophostemon,Myrtaceae,60,1997,Park,16
Lophostemon,Myrtaceae,60,1997,Street,91
Lophostemon,Myrtaceae,60,1998,Park,15
Lophostemon,Myrtaceae,60,2000,Park,2
Lophostemon,Myrtaceae,60,2000,Street,12
Lophostemon,Myrtaceae,60,2006,Street,1
Lophostemon,Myrtaceae,60,2007,Street,1
Lophostemon,Myrtaceae,60,2008,Park,1
Lophostemon,Myrtaceae,60,2008,Street,2
Lophostemon,Myrtaceae,60,2009,Park,1
Lophostemon,Myrtaceae,60,2009,Street,2
Lophostemon,Myrtaceae,60,2010,Street,7
Lophostemon,Myrtaceae,80,1899,Street,1
Lophostemon,Myrtaceae,80,1900,Street,3
Lophostemon,Myrtaceae,80,2006,Street,1
Lophostemon,Myrtaceae,80,2007,Street,1
Lophostemon,Myrtaceae,80,2008,Street,6
Lophostemon,Myrtaceae,80,2009,Park,1
Lophostemon,Myrtaceae,80,2010,Street,3
Macadamia,Proteaceae,10,1998,Park,1
Macadamia,Proteaceae,60,1998,Park,1
Maclura,Moraceae,80,2006,Park,1
Magnolia,Magnoliaceae,1,2009,Park,1
Magnolia,Magnoliaceae,10,1900,Park,1
Magnolia,Magnoliaceae,10,1900,Street,1
Magnolia,Magnoliaceae,10,1998,Park,1
Magnolia,Magnoliaceae,20,1998,Park,6
Magnolia,Magnoliaceae,30,1997,Street,1
Magnolia,Magnoliaceae,30,1998,Park,1
Magnolia,Magnoliaceae,5,1900,Park,1
Magnolia,Magnoliaceae,5,1900,Street,2
Magnolia,Magnoliaceae,60,1900,Park,1
Magnolia,Magnoliaceae,60,1900,Street,2
Magnolia,Magnoliaceae,60,1998,Park,3
Magnolia,Magnoliaceae,60,2000,Park,2
Magnolia,Magnoliaceae,60,2000,Street,6
Magnolia,Magnoliaceae,60,2006,Street,1
Magnolia,Magnoliaceae,60,2007,Park,1
Magnolia,Magnoliaceae,60,2009,Park,1
Magnolia,Magnoliaceae,80,1900,Park,1
Magnolia,Magnoliaceae,80,1998,Park,1
Magnolia,Magnoliaceae,80,2006,Street,11
Magnolia,Magnoliaceae,80,2009,Park,1
Magnolia,Magnoliaceae,80,2010,Park,3
Malus,Rosaceae,10,1900,Park,1
Malus,Rosaceae,20,1900,Park,1
Malus,Rosaceae,20,2006,Park,5
Malus,Rosaceae,30,2006,Park,6
Malus,Rosaceae,5,2006,Park,3
Malus,Rosaceae,60,2006,Park,12
Melaleuca,Myrtaceae,1,1900,Park,2
Melaleuca,Myrtaceae,1,1999,Park,2
Melaleuca,Myrtaceae,10,1900,Park,6
Melaleuca,Myrtaceae,10,1900,Street,4
Melaleuca,Myrtaceae,10,1997,Street,3
Melaleuca,Myrtaceae,10,1998,Park,4
Melaleuca,Myrtaceae,10,1999,Park,16
Melaleuca,Myrtaceae,10,2000,Street,1
Melaleuca,Myrtaceae,10,2009,Street,2
Melaleuca,Myrtaceae,10,2010,Park,1
Melaleuca,Myrtaceae,20,1900,Park,4
Melaleuca,Myrtaceae,20,1900,Street,10
Melaleuca,Myrtaceae,20,1997,Street,37
Melaleuca,Myrtaceae,20,1998,Park,12
Melaleuca,Myrtaceae,20,1999,Park,34
Melaleuca,Myrtaceae,20,2000,Street,15
Melaleuca,Myrtaceae,20,2009,Street,2
Melaleuca,Myrtaceae,30,1900,Park,14
Melaleuca,Myrtaceae,30,1900,Street,55
Melaleuca,Myrtaceae,30,1997,Park,1
Melaleuca,Myrtaceae,30,1997,Street,119
Melaleuca,Myrtaceae,30,1998,Park,36
Melaleuca,Myrtaceae,30,1999,Park,29
Melaleuca,Myrtaceae,30,1999,Street,7
Melaleuca,Myrtaceae,30,2000,Park,4
Melaleuca,Myrtaceae,30,2000,Street,1
Melaleuca,Myrtaceae,30,2007,Park,2
Melaleuca,Myrtaceae,30,2008,Street,2
Melaleuca,Myrtaceae,30,2009,Street,1
Melaleuca,Myrtaceae,5,1900,Park,1
Melaleuca,Myrtaceae,5,1900,Street,2
Melaleuca,Myrtaceae,5,1997,Street,1
Melaleuca,Myrtaceae,5,1999,Park,14
Melaleuca,Myrtaceae,5,2007,Park,1
Melaleuca,Myrtaceae,60,1899,Street,2
Melaleuca,Myrtaceae,60,1900,Park,1
Melaleuca,Myrtaceae,60,1997,Street,2
Melaleuca,Myrtaceae,60,1998,Park,1
Melaleuca,Myrtaceae,60,1998,Street,1
Melaleuca,Myrtaceae,60,1999,Park,19
Melaleuca,Myrtaceae,60,2000,Park,1
Melaleuca,Myrtaceae,60,2006,Park,1
Melaleuca,Myrtaceae,80,1999,Park,1
Melaleuca,Myrtaceae,80,2010,Park,5
Melia,Meliaceae,1,2008,Street,1
Melia,Meliaceae,10,1900,Park,1
Melia,Meliaceae,10,1900,Street,1
Melia,Meliaceae,10,1997,Street,2
Melia,Meliaceae,10,2006,Park,1
Melia,Meliaceae,10,2006,Street,1
Melia,Meliaceae,10,2007,Park,1
Melia,Meliaceae,10,2007,Street,7
Melia,Meliaceae,10,2008,Street,10
Melia,Meliaceae,10,2009,Street,6
Melia,Meliaceae,20,1900,Street,3
Melia,Meliaceae,20,1997,Street,2
Melia,Meliaceae,20,2000,Street,1
Melia,Meliaceae,20,2006,Street,1
Melia,Meliaceae,20,2007,Park,3
Melia,Meliaceae,20,2008,Street,10
Melia,Meliaceae,20,2009,Street,1
Melia,Meliaceae,30,1900,Street,7
Melia,Meliaceae,30,1997,Street,6
Melia,Meliaceae,30,1998,Park,8
Melia,Meliaceae,30,2000,Street,6
Melia,Meliaceae,30,2006,Park,2
Melia,Meliaceae,30,2006,Street,6
Melia,Meliaceae,30,2007,Street,1
Melia,Meliaceae,30,2008,Street,18
Melia,Meliaceae,30,2009,Street,1
Melia,Meliaceae,5,2006,Park,1
Melia,Meliaceae,5,2008,Street,3
Melia,Meliaceae,5,2009,Street,3
Melia,Meliaceae,60,1900,Park,4
Melia,Meliaceae,60,1900,Street,4
Melia,Meliaceae,60,1997,Street,10
Melia,Meliaceae,60,1998,Park,3
Melia,Meliaceae,60,2000,Park,1
Melia,Meliaceae,60,2000,Street,1
Melia,Meliaceae,60,2006,Park,2
Melia,Meliaceae,60,2006,Street,59
Melia,Meliaceae,60,2007,Street,18
Melia,Meliaceae,60,2008,Street,134
Melia,Meliaceae,60,2009,Street,41
Melia,Meliaceae,60,2010,Park,2
Melia,Meliaceae,60,2010,Street,11
Melia,Meliaceae,80,2006,Park,1
Melia,Meliaceae,80,2006,Street,1
Melia,Meliaceae,80,2010,Park,2
Melia,Meliaceae,80,2010,Street,1
Metasequoia,Cupressaceae,20,2000,Park,1
Metasequoia,Cupressaceae,80,2000,Park,2
Metasequoia,Cupressaceae,80,2006,Park,1
Metrosideros,Myrtaceae,10,1997,Street,1
Metrosideros,Myrtaceae,20,1900,Street,1
Metrosideros,Myrtaceae,20,2009,Park,17
Metrosideros,Myrtaceae,20,2009,Street,11
Morus,Moraceae,10,1900,Park,1
Morus,Moraceae,60,1998,Park,1
Myrsine,Primulaceae,10,1900,Park,1
Myrsine,Primulaceae,10,1998,Park,1
Myrsine,Primulaceae,5,1998,Park,1
Nerium,Apocynaceae,30,1900,Street,2
Nerium,Apocynaceae,30,1997,Street,1
Olea,Oleaceae,10,2010,Park,1
Olea,Oleaceae,20,1900,Park,1
Olea,Oleaceae,20,1998,Park,3
Olea,Oleaceae,30,1900,Park,1
Olea,Oleaceae,30,2008,Street,1
Olea,Oleaceae,30,2010,Park,1
Olea,Oleaceae,60,1900,Park,13
Olea,Oleaceae,60,1998,Park,1
Olea,Oleaceae,60,2008,Street,3
Olea,Oleaceae,80,1900,Park,3
Olea,Oleaceae,80,2009,Park,1
Paulownia,Paulowniaceae,10,1998,Park,1
Paulownia,Paulowniaceae,30,2000,Park,1
Phoenix,Arecaceae,10,1900,Park,1
Phoenix,Arecaceae,10,1998,Park,1
Phoenix,Arecaceae,10,2009,Park,2
Phoenix,Arecaceae,60,1900,Park,75
Phoenix,Arecaceae,60,1997,Park,11
Phoenix,Arecaceae,60,1997,Street,5
Phoenix,Arecaceae,60,1998,Park,122
Phoenix,Arecaceae,60,1998,Street,2
Phoenix,Arecaceae,60,2000,Park,7
Phoenix,Arecaceae,60,2005,Park,1
Phoenix,Arecaceae,60,2007,Park,6
Phoenix,Arecaceae,60,2008,Park,6
Phoenix,Arecaceae,60,2009,Park,20
Phoenix,Arecaceae,60,2009,Street,3
Phoenix,Arecaceae,80,1900,Park,1
Phoenix,Arecaceae,80,1997,Street,19
Phoenix,Arecaceae,80,2000,Park,2
Phoenix,Arecaceae,80,2005,Park,1
Phoenix,Arecaceae,80,2007,Street,11
Phoenix,Arecaceae,80,2009,Street,6
Photinia,Rosaceae,10,1998,Park,15
Photinia,Rosaceae,10,2008,Street,1
Photinia,Rosaceae,20,1900,Park,1
Photinia,Rosaceae,20,1998,Park,8
Photinia,Rosaceae,30,1997,Street,1
Photinia,Rosaceae,30,1998,Park,3
Photinia,Rosaceae,30,1998,Street,16
Photinia,Rosaceae,30,2009,Park,1
Photinia,Rosaceae,5,2009,Park,1
Pinus,Pinaceae,1,1997,Park,1
Pinus,Pinaceae,10,1998,Park,7
Pinus,Pinaceae,10,2008,Park,1
Pinus,Pinaceae,20,1997,Park,2
Pinus,Pinaceae,20,1998,Park,9
Pinus,Pinaceae,20,2008,Park,1
Pinus,Pinaceae,30,1900,Park,1
Pinus,Pinaceae,30,1998,Park,14
Pinus,Pinaceae,30,2000,Park,1
Pinus,Pinaceae,5,1998,Park,7
Pinus,Pinaceae,60,1900,Park,14
Pinus,Pinaceae,60,1997,Park,6
Pinus,Pinaceae,60,1998,Park,71
Pinus,Pinaceae,60,2010,Park,1
Pinus,Pinaceae,80,1900,Park,8
Pinus,Pinaceae,80,1998,Park,1
Pinus,Pinaceae,80,2007,Park,2
Pinus,Pinaceae,80,2008,Park,5
Pinus,Pinaceae,80,2010,Park,11
Pistacia,Anacardiaceae,60,2006,Street,1
Pistacia,Anacardiaceae,80,2010,Street,1
Pittosporum,Pittosporaceae,1,1998,Park,1
Pittosporum,Pittosporaceae,10,1998,Park,14
Pittosporum,Pittosporaceae,10,1999,Park,1
Pittosporum,Pittosporaceae,10,2009,Park,1
Pittosporum,Pittosporaceae,20,1900,Park,1
Pittosporum,Pittosporaceae,20,1900,Street,2
Pittosporum,Pittosporaceae,20,1997,Street,2
Pittosporum,Pittosporaceae,20,1998,Park,41
Pittosporum,Pittosporaceae,20,1998,Street,1
Pittosporum,Pittosporaceae,20,2000,Park,2
Pittosporum,Pittosporaceae,20,2006,Park,1
Pittosporum,Pittosporaceae,20,2009,Park,1
Pittosporum,Pittosporaceae,30,1900,Park,2
Pittosporum,Pittosporaceae,30,1900,Street,1
Pittosporum,Pittosporaceae,30,1997,Street,6
Pittosporum,Pittosporaceae,30,1998,Park,13
Pittosporum,Pittosporaceae,30,1999,Park,3
Pittosporum,Pittosporaceae,30,2008,Park,1
Pittosporum,Pittosporaceae,30,2010,Park,1
Pittosporum,Pittosporaceae,5,1998,Park,1
Pittosporum,Pittosporaceae,5,2008,Park,1
Pittosporum,Pittosporaceae,60,1900,Park,1
Pittosporum,Pittosporaceae,60,1997,Street,2
Pittosporum,Pittosporaceae,80,1900,Park,1
Pittosporum,Pittosporaceae,80,2010,Park,1
Platanus,Platanaceae,1,1899,Street,1
Platanus,Platanaceae,1,1900,Park,1
Platanus,Platanaceae,1,1900,Street,26
Platanus,Platanaceae,1,1997,Park,9
Platanus,Platanaceae,1,1997,Street,16
Platanus,Platanaceae,1,1998,Park,1
Platanus,Platanaceae,1,2000,Street,1
Platanus,Platanaceae,1,2007,Park,1
Platanus,Platanaceae,1,2008,Street,3
Platanus,Platanaceae,1,2009,Street,2
Platanus,Platanaceae,1,2010,Street,1
Platanus,Platanaceae,10,1899,Street,1
Platanus,Platanaceae,10,1900,Park,10
Platanus,Platanaceae,10,1900,Street,297
Platanus,Platanaceae,10,1997,Park,61
Platanus,Platanaceae,10,1997,Street,503
Platanus,Platanaceae,10,1998,Park,42
Platanus,Platanaceae,10,1998,Street,5
Platanus,Platanaceae,10,2000,Park,2
Platanus,Platanaceae,10,2000,Street,33
Platanus,Platanaceae,10,2004,Street,1
Platanus,Platanaceae,10,2005,Street,1
Platanus,Platanaceae,10,2006,Park,4
Platanus,Platanaceae,10,2006,Street,4
Platanus,Platanaceae,10,2007,Park,10
Platanus,Platanaceae,10,2007,Street,1
Platanus,Platanaceae,10,2008,Park,2
Platanus,Platanaceae,10,2008,Street,14
Platanus,Platanaceae,10,2009,Street,24
Platanus,Platanaceae,10,2010,Street,3
Platanus,Platanaceae,20,1899,Street,3
Platanus,Platanaceae,20,1900,Park,3
Platanus,Platanaceae,20,1900,Street,466
Platanus,Platanaceae,20,1997,Park,18
Platanus,Platanaceae,20,1997,Street,790
Platanus,Platanaceae,20,1998,Park,40
Platanus,Platanaceae,20,1998,Street,1
Platanus,Platanaceae,20,1999,Street,4
Platanus,Platanaceae,20,2000,Park,1
Platanus,Platanaceae,20,2000,Street,38
Platanus,Platanaceae,20,2005,Street,2
Platanus,Platanaceae,20,2006,Park,6
Platanus,Platanaceae,20,2006,Street,7
Platanus,Platanaceae,20,2007,Park,5
Platanus,Platanaceae,20,2007,Street,6
Platanus,Platanaceae,20,2008,Street,9
Platanus,Platanaceae,20,2009,Street,36
Platanus,Platanaceae,20,2010,Park,1
Platanus,Platanaceae,20,2010,Street,1
Platanus,Platanaceae,30,1899,Street,10
Platanus,Platanaceae,30,1900,Park,3
Platanus,Platanaceae,30,1900,Street,312
Platanus,Platanaceae,30,1997,Park,6
Platanus,Platanaceae,30,1997,Street,575
Platanus,Platanaceae,30,1998,Park,31
Platanus,Platanaceae,30,1998,Street,1
Platanus,Platanaceae,30,1999,Street,6
Platanus,Platanaceae,30,2000,Park,4
Platanus,Platanaceae,30,2000,Street,88
Platanus,Platanaceae,30,2005,Street,1
Platanus,Platanaceae,30,2006,Park,4
Platanus,Platanaceae,30,2006,Street,80
Platanus,Platanaceae,30,2007,Park,1
Platanus,Platanaceae,30,2007,Street,3
Platanus,Platanaceae,30,2008,Street,11
Platanus,Platanaceae,30,2009,Street,28
Platanus,Platanaceae,30,2010,Park,1
Platanus,Platanaceae,30,2010,Street,2
Platanus,Platanaceae,5,1900,Park,22
Platanus,Platanaceae,5,1900,Street,157
Platanus,Platanaceae,5,1997,Park,55
Platanus,Platanaceae,5,1997,Street,276
Platanus,Platanaceae,5,1998,Park,26
Platanus,Platanaceae,5,2000,Street,5
Platanus,Platanaceae,5,2006,Street,1
Platanus,Platanaceae,5,2007,Park,5
Platanus,Platanaceae,5,2008,Park,2
Platanus,Platanaceae,5,2008,Street,4
Platanus,Platanaceae,5,2009,Street,32
Platanus,Platanaceae,5,2010,Street,5
Platanus,Platanaceae,60,1899,Street,1
Platanus,Platanaceae,60,1900,Park,1
Platanus,Platanaceae,60,1900,Street,94
Platanus,Platanaceae,60,1997,Park,3
Platanus,Platanaceae,60,1997,Street,23
Platanus,Platanaceae,60,1998,Park,7
Platanus,Platanaceae,60,1998,Street,1
Platanus,Platanaceae,60,2000,Street,59
Platanus,Platanaceae,60,2005,Street,1
Platanus,Platanaceae,60,2006,Park,18
Platanus,Platanaceae,60,2006,Street,31
Platanus,Platanaceae,60,2007,Park,1
Platanus,Platanaceae,60,2007,Street,18
Platanus,Platanaceae,60,2008,Park,1
Platanus,Platanaceae,60,2008,Street,31
Platanus,Platanaceae,60,2009,Street,75
Platanus,Platanaceae,60,2010,Street,19
Platanus,Platanaceae,80,1900,Park,3
Platanus,Platanaceae,80,1900,Street,6
Platanus,Platanaceae,80,1998,Park,1
Platanus,Platanaceae,80,2005,Street,1
Platanus,Platanaceae,80,2006,Park,2
Platanus,Platanaceae,80,2007,Street,1
Platanus,Platanaceae,80,2008,Park,2
Platanus,Platanaceae,80,2009,Street,4
Platanus,Platanaceae,80,2010,Street,7
Podocarpus,Podocarpaceae,10,2009,Street,1
Podocarpus,Podocarpaceae,30,2009,Street,1
Podocarpus,Podocarpaceae,80,2000,Park,1
Populus,Salicaceae,1,1900,Park,3
Populus,Salicaceae,1,1998,Park,2
Populus,Salicaceae,10,1900,Park,13
Populus,Salicaceae,10,1900,Street,5
Populus,Salicaceae,10,1997,Park,1
Populus,Salicaceae,10,1997,Street,19
Populus,Salicaceae,10,1998,Park,21
Populus,Salicaceae,10,2000,Street,2
Populus,Salicaceae,10,2008,Street,3
Populus,Salicaceae,10,2010,Street,1
Populus,Salicaceae,20,1900,Park,7
Populus,Salicaceae,20,1900,Street,8
Populus,Salicaceae,20,1997,Park,4
Populus,Salicaceae,20,1997,Street,40
Populus,Salicaceae,20,1998,Park,16
Populus,Salicaceae,20,2007,Park,1
Populus,Salicaceae,20,2010,Street,2
Populus,Salicaceae,30,1900,Park,18
Populus,Salicaceae,30,1900,Street,8
Populus,Salicaceae,30,1997,Street,12
Populus,Salicaceae,30,1998,Park,1
Populus,Salicaceae,30,2006,Park,2
Populus,Salicaceae,30,2008,Park,2
Populus,Salicaceae,30,2008,Street,6
Populus,Salicaceae,5,1900,Park,13
Populus,Salicaceae,5,1900,Street,4
Populus,Salicaceae,5,1997,Park,1
Populus,Salicaceae,5,1997,Street,5
Populus,Salicaceae,5,1998,Park,11
Populus,Salicaceae,5,2008,Street,1
Populus,Salicaceae,5,2009,Park,1
Populus,Salicaceae,60,1900,Park,2
Populus,Salicaceae,60,1900,Street,29
Populus,Salicaceae,60,2006,Street,2
Populus,Salicaceae,60,2008,Park,3
Populus,Salicaceae,60,2008,Street,6
Populus,Salicaceae,60,2009,Street,2
Populus,Salicaceae,80,2000,Park,1
Prunus,Rosaceae,1,1900,Street,1
Prunus,Rosaceae,10,1900,Street,8
Prunus,Rosaceae,10,1997,Street,3
Prunus,Rosaceae,10,2006,Street,2
Prunus,Rosaceae,10,2008,Street,3
Prunus,Rosaceae,20,1900,Street,8
Prunus,Rosaceae,20,1997,Street,6
Prunus,Rosaceae,20,1998,Park,1
Prunus,Rosaceae,20,2006,Street,2
Prunus,Rosaceae,20,2008,Street,7
Prunus,Rosaceae,30,1900,Park,1
Prunus,Rosaceae,30,1997,Street,2
Prunus,Rosaceae,30,1998,Park,5
Prunus,Rosaceae,30,2006,Street,1
Prunus,Rosaceae,5,1900,Street,3
Prunus,Rosaceae,5,1998,Park,2
Prunus,Rosaceae,80,1900,Street,1
Pyrus,Rosaceae,1,1900,Street,1
Pyrus,Rosaceae,10,1999,Street,1
Pyrus,Rosaceae,10,2007,Park,1
Pyrus,Rosaceae,10,2009,Park,4
Pyrus,Rosaceae,20,1900,Park,1
Pyrus,Rosaceae,20,1900,Street,7
Pyrus,Rosaceae,20,1997,Street,7
Pyrus,Rosaceae,20,1998,Park,1
Pyrus,Rosaceae,20,1999,Street,19
Pyrus,Rosaceae,20,2000,Street,3
Pyrus,Rosaceae,20,2006,Park,2
Pyrus,Rosaceae,20,2006,Street,4
Pyrus,Rosaceae,20,2008,Street,8
Pyrus,Rosaceae,20,2009,Park,2
Pyrus,Rosaceae,20,2009,Street,1
Pyrus,Rosaceae,20,2010,Park,1
Pyrus,Rosaceae,30,1900,Park,1
Pyrus,Rosaceae,30,1900,Street,36
Pyrus,Rosaceae,30,1997,Street,24
Pyrus,Rosaceae,30,1998,Park,2
Pyrus,Rosaceae,30,1998,Street,9
Pyrus,Rosaceae,30,1999,Street,28
Pyrus,Rosaceae,30,2000,Street,2
Pyrus,Rosaceae,30,2005,Street,4
Pyrus,Rosaceae,30,2006,Street,8
Pyrus,Rosaceae,30,2008,Park,1
Pyrus,Rosaceae,30,2008,Street,18
Pyrus,Rosaceae,30,2009,Street,2
Pyrus,Rosaceae,5,1997,Street,1
Pyrus,Rosaceae,5,2006,Street,1
Pyrus,Rosaceae,60,1900,Park,3
Pyrus,Rosaceae,60,1900,Street,4
Pyrus,Rosaceae,60,1999,Street,2
Pyrus,Rosaceae,60,2000,Street,10
Pyrus,Rosaceae,60,2005,Street,1
Pyrus,Rosaceae,60,2006,Park,12
Pyrus,Rosaceae,60,2006,Street,20
Pyrus,Rosaceae,60,2007,Park,35
Pyrus,Rosaceae,60,2007,Street,1
Pyrus,Rosaceae,60,2008,Street,16
Pyrus,Rosaceae,60,2009,Park,12
Pyrus,Rosaceae,60,2009,Street,6
Pyrus,Rosaceae,60,2010,Park,4
Pyrus,Rosaceae,60,2010,Street,8
Quercus,Fagaceae,1,1900,Street,1
Quercus,Fagaceae,1,1998,Park,4
Quercus,Fagaceae,1,2006,Park,1
Quercus,Fagaceae,1,2008,Park,1
Quercus,Fagaceae,10,1900,Park,14
Quercus,Fagaceae,10,1900,Street,10
Quercus,Fagaceae,10,1997,Park,9
Quercus,Fagaceae,10,1997,Street,16
Quercus,Fagaceae,10,1998,Park,61
Quercus,Fagaceae,10,1999,Park,1
Quercus,Fagaceae,10,2006,Park,1
Quercus,Fagaceae,10,2006,Street,5
Quercus,Fagaceae,10,2008,Street,5
Quercus,Fagaceae,20,1900,Park,17
Quercus,Fagaceae,20,1900,Street,17
Quercus,Fagaceae,20,1997,Park,7
Quercus,Fagaceae,20,1997,Street,34
Quercus,Fagaceae,20,1998,Park,51
Quercus,Fagaceae,20,2000,Park,2
Quercus,Fagaceae,20,2000,Street,2
Quercus,Fagaceae,20,2006,Park,1
Quercus,Fagaceae,20,2008,Street,3
Quercus,Fagaceae,20,2010,Street,1
Quercus,Fagaceae,30,1900,Park,8
Quercus,Fagaceae,30,1900,Street,33
Quercus,Fagaceae,30,1997,Street,100
Quercus,Fagaceae,30,1998,Park,58
Quercus,Fagaceae,30,2000,Park,1
Quercus,Fagaceae,30,2006,Street,2
Quercus,Fagaceae,30,2008,Street,4
Quercus,Fagaceae,30,2009,Street,1
Quercus,Fagaceae,30,2010,Street,4
Quercus,Fagaceae,5,1900,Park,4
Quercus,Fagaceae,5,1900,Street,8
Quercus,Fagaceae,5,1997,Park,1
Quercus,Fagaceae,5,1997,Street,4
Quercus,Fagaceae,5,1998,Park,31
Quercus,Fagaceae,5,2006,Park,3
Quercus,Fagaceae,5,2007,Park,1
Quercus,Fagaceae,5,2008,Street,1
Quercus,Fagaceae,60,1900,Park,16
Quercus,Fagaceae,60,1900,Street,27
Quercus,Fagaceae,60,1997,Park,2
Quercus,Fagaceae,60,1997,Street,25
Quercus,Fagaceae,60,1998,Park,85
Quercus,Fagaceae,60,1999,Park,1
Quercus,Fagaceae,60,2000,Park,3
Quercus,Fagaceae,60,2000,Street,15
Quercus,Fagaceae,60,2005,Street,2
Quercus,Fagaceae,60,2006,Park,6
Quercus,Fagaceae,60,2006,Street,40
Quercus,Fagaceae,60,2007,Park,1
Quercus,Fagaceae,60,2007,Street,5
Quercus,Fagaceae,60,2008,Park,2
Quercus,Fagaceae,60,2008,Street,10
Quercus,Fagaceae,60,2009,Street,4
Quercus,Fagaceae,60,2010,Street,37
Quercus,Fagaceae,80,1900,Park,18
Quercus,Fagaceae,80,1900,Street,24
Quercus,Fagaceae,80,1997,Street,14
Quercus,Fagaceae,80,1998,Park,11
Quercus,Fagaceae,80,2000,Park,9
Quercus,Fagaceae,80,2000,Street,10
Quercus,Fagaceae,80,2005,Park,2
Quercus,Fagaceae,80,2006,Park,24
Quercus,Fagaceae,80,2006,Street,47
Quercus,Fagaceae,80,2007,Park,28
Quercus,Fagaceae,80,2007,Street,4
Quercus,Fagaceae,80,2008,Park,3
Quercus,Fagaceae,80,2008,Street,18
Quercus,Fagaceae,80,2009,Park,6
Quercus,Fagaceae,80,2009,Street,15
Quercus,Fagaceae,80,2010,Park,7
Quercus,Fagaceae,80,2010,Street,36
Robinia,Fabaceae,1,1998,Park,1
Robinia,Fabaceae,10,1900,Street,9
Robinia,Fabaceae,10,2008,Street,2
Robinia,Fabaceae,20,1900,Street,20
Robinia,Fabaceae,20,1997,Street,2
Robinia,Fabaceae,20,2005,Street,1
Robinia,Fabaceae,20,2006,Park,1
Robinia,Fabaceae,20,2007,Street,1
Robinia,Fabaceae,20,2008,Park,1
Robinia,Fabaceae,20,2008,Street,4
Robinia,Fabaceae,20,2009,Street,1
Robinia,Fabaceae,30,1900,Street,6
Robinia,Fabaceae,30,1998,Park,2
Robinia,Fabaceae,30,2008,Park,4
Robinia,Fabaceae,30,2008,Street,9
Robinia,Fabaceae,60,2008,Street,1
Sabal,Arecaceae,80,2010,Street,3
Salix,Salicaceae,30,1998,Park,2
Sapium,Euphorbiaceae,10,2009,Street,1
Sapium,Euphorbiaceae,5,2009,Street,1
Sapium,Euphorbiaceae,60,2009,Street,12
Schinus,Anacardiaceae,1,1900,Park,1
Schinus,Anacardiaceae,10,1900,Park,2
Schinus,Anacardiaceae,10,1998,Park,2
Schinus,Anacardiaceae,10,1999,Park,3
Schinus,Anacardiaceae,10,2008,Park,2
Schinus,Anacardiaceae,20,1998,Park,4
Schinus,Anacardiaceae,20,1999,Park,4
Schinus,Anacardiaceae,20,2008,Park,6
Schinus,Anacardiaceae,20,2009,Park,1
Schinus,Anacardiaceae,30,1900,Park,12
Schinus,Anacardiaceae,30,1998,Park,4
Schinus,Anacardiaceae,30,1999,Park,7
Schinus,Anacardiaceae,30,2000,Park,1
Schinus,Anacardiaceae,30,2008,Park,2
Schinus,Anacardiaceae,30,2008,Street,3
Schinus,Anacardiaceae,30,2009,Park,3
Schinus,Anacardiaceae,5,1999,Park,3
Schinus,Anacardiaceae,5,2008,Park,1
Schinus,Anacardiaceae,60,1900,Park,69
Schinus,Anacardiaceae,60,1900,Street,17
Schinus,Anacardiaceae,60,1997,Park,7
Schinus,Anacardiaceae,60,1997,Street,9
Schinus,Anacardiaceae,60,1998,Park,23
Schinus,Anacardiaceae,60,1998,Street,8
Schinus,Anacardiaceae,60,1999,Park,26
Schinus,Anacardiaceae,60,1999,Street,14
Schinus,Anacardiaceae,60,2000,Street,2
Schinus,Anacardiaceae,60,2006,Park,6
Schinus,Anacardiaceae,60,2006,Street,2
Schinus,Anacardiaceae,60,2008,Park,38
Schinus,Anacardiaceae,60,2008,Street,32
Schinus,Anacardiaceae,60,2009,Park,36
Schinus,Anacardiaceae,60,2010,Street,1
Schinus,Anacardiaceae,80,1900,Park,32
Schinus,Anacardiaceae,80,1997,Street,2
Schinus,Anacardiaceae,80,1998,Park,1
Schinus,Anacardiaceae,80,1999,Park,10
Schinus,Anacardiaceae,80,1999,Street,1
Schinus,Anacardiaceae,80,2000,Park,8
Schinus,Anacardiaceae,80,2005,Park,1
Schinus,Anacardiaceae,80,2006,Park,16
Schinus,Anacardiaceae,80,2008,Park,6
Schinus,Anacardiaceae,80,2008,Street,2
Schinus,Anacardiaceae,80,2009,Park,2
Schinus,Anacardiaceae,80,2010,Park,6
Sequoia,Cupressaceae,60,1998,Park,1
Sequoia,Cupressaceae,80,1900,Park,2
Sequoia,Cupressaceae,80,2000,Park,1
Sequoia,Cupressaceae,80,2008,Park,1
Sequoiadendron,Cupressaceae,80,2006,Park,2
Sophora,Fabaceae,10,2000,Park,1
Sorbus,Rosaceae,20,1997,Street,1
Stenocarpus,Proteaceae,1,2007,Street,1
Stenocarpus,Proteaceae,10,1998,Park,2
Stenocarpus,Proteaceae,20,1998,Park,1
Stenocarpus,Proteaceae,30,1998,Park,3
Stenocarpus,Proteaceae,30,2007,Street,6
Stenocarpus,Proteaceae,30,2008,Street,16
Stenocarpus,Proteaceae,60,1998,Park,1
Stenocarpus,Proteaceae,60,1999,Park,1
Stenocarpus,Proteaceae,60,2000,Park,5
Stenocarpus,Proteaceae,60,2000,Street,6
Stenocarpus,Proteaceae,60,2006,Park,2
Stenocarpus,Proteaceae,60,2006,Street,19
Stenocarpus,Proteaceae,60,2007,Street,1
Stenocarpus,Proteaceae,60,2008,Street,10
Stenocarpus,Proteaceae,60,2009,Street,2
Stenocarpus,Proteaceae,60,2010,Street,1
Stenocarpus,Proteaceae,80,2005,Park,1
Stenocarpus,Proteaceae,80,2010,Park,1
string,string,number,date,string,1
Syncarpia,Myrtaceae,30,1900,Park,1
Syncarpia,Myrtaceae,30,1998,Park,1
Syncarpia,Myrtaceae,30,2000,Park,1
Syncarpia,Myrtaceae,60,2007,Park,2
Syzygium,Myrtaceae,1,1900,Park,1
Syzygium,Myrtaceae,1,1900,Street,1
Syzygium,Myrtaceae,10,1900,Park,10
Syzygium,Myrtaceae,10,1900,Street,11
Syzygium,Myrtaceae,10,1998,Park,2
Syzygium,Myrtaceae,10,2005,Park,1
Syzygium,Myrtaceae,10,2006,Park,1
Syzygium,Myrtaceae,10,2006,Street,2
Syzygium,Myrtaceae,10,2008,Street,3
Syzygium,Myrtaceae,10,2010,Street,2
Syzygium,Myrtaceae,20,1900,Park,25
Syzygium,Myrtaceae,20,1900,Street,26
Syzygium,Myrtaceae,20,1998,Park,4
Syzygium,Myrtaceae,20,2007,Street,2
Syzygium,Myrtaceae,20,2008,Park,1
Syzygium,Myrtaceae,20,2008,Street,3
Syzygium,Myrtaceae,20,2010,Park,1
Syzygium,Myrtaceae,20,2010,Street,3
Syzygium,Myrtaceae,30,1900,Park,13
Syzygium,Myrtaceae,30,1900,Street,64
Syzygium,Myrtaceae,30,1998,Park,7
Syzygium,Myrtaceae,30,2007,Street,5
Syzygium,Myrtaceae,30,2008,Street,10
Syzygium,Myrtaceae,30,2010,Street,8
Syzygium,Myrtaceae,5,1900,Park,9
Syzygium,Myrtaceae,5,1900,Street,1
Syzygium,Myrtaceae,5,2008,Street,1
Syzygium,Myrtaceae,5,2010,Street,2
Syzygium,Myrtaceae,60,1900,Park,13
Syzygium,Myrtaceae,60,1900,Street,12
Syzygium,Myrtaceae,60,2006,Park,1
Syzygium,Myrtaceae,60,2006,Street,4
Syzygium,Myrtaceae,60,2007,Street,9
Syzygium,Myrtaceae,60,2010,Street,11
Syzygium,Myrtaceae,80,1900,Park,3
Syzygium,Myrtaceae,80,2005,Street,1
Syzygium,Myrtaceae,80,2006,Park,2
Syzygium,Myrtaceae,80,2009,Park,1
Syzygium,Myrtaceae,80,2010,Park,8
Tamarix,Tamaricaceae,10,1999,Park,2
Tamarix,Tamaricaceae,20,1999,Park,3
Tamarix,Tamaricaceae,30,1999,Park,4
Tamarix,Tamaricaceae,30,2010,Park,1
Tamarix,Tamaricaceae,60,2006,Street,1
Taxodium,Cupressaceae,60,1998,Park,1
Taxodium,Cupressaceae,60,2000,Street,7
Taxodium,Cupressaceae,80,2000,Park,3
Taxodium,Cupressaceae,80,2010,Park,1
Taxus,Taxaceae,20,2000,Park,1
Thuja,Cupressaceae,60,1900,Park,1
Thuja,Cupressaceae,60,1998,Park,4
Thuja,Cupressaceae,80,2000,Park,1
Tilia,Malvaceae,10,1997,Park,3
Tilia,Malvaceae,10,2007,Street,1
Tilia,Malvaceae,20,1900,Street,1
Tilia,Malvaceae,20,1997,Park,1
Tilia,Malvaceae,20,1998,Park,1
Tilia,Malvaceae,30,1900,Park,1
Tilia,Malvaceae,30,1997,Park,1
Tilia,Malvaceae,30,1998,Park,5
Tilia,Malvaceae,5,1997,Park,2
Tilia,Malvaceae,5,2006,Park,2
Tilia,Malvaceae,60,1900,Park,2
Tilia,Malvaceae,60,1900,Street,3
Tilia,Malvaceae,60,1998,Park,10
Tilia,Malvaceae,60,2000,Park,1
Tilia,Malvaceae,60,2000,Street,15
Tilia,Malvaceae,60,2005,Street,9
Tilia,Malvaceae,60,2006,Park,1
Tilia,Malvaceae,60,2006,Street,3
Tilia,Malvaceae,60,2008,Street,1
Tilia,Malvaceae,60,2009,Street,1
Tilia,Malvaceae,60,2010,Street,1
Tilia,Malvaceae,80,1900,Park,10
Tilia,Malvaceae,80,2000,Park,1
Tilia,Malvaceae,80,2005,Park,1
Tilia,Malvaceae,80,2006,Park,3
Tilia,Malvaceae,80,2006,Street,2
Tilia,Malvaceae,80,2007,Street,1
Tilia,Malvaceae,80,2009,Park,3
Tilia,Malvaceae,80,2010,Park,2
Trachycarpus,Arecaceae,30,2000,Park,1
Trachycarpus,Arecaceae,60,1900,Park,1
Trachycarpus,Arecaceae,60,1998,Park,1
Trachycarpus,Arecaceae,80,2009,Street,3
Tristaniopsis,Myrtaceae,1,1997,Street,1
Tristaniopsis,Myrtaceae,10,1900,Street,1
Tristaniopsis,Myrtaceae,10,1997,Street,2
Tristaniopsis,Myrtaceae,10,2000,Street,2
Tristaniopsis,Myrtaceae,10,2008,Street,4
Tristaniopsis,Myrtaceae,10,2009,Street,1
Tristaniopsis,Myrtaceae,20,1900,Street,5
Tristaniopsis,Myrtaceae,20,1997,Street,1
Tristaniopsis,Myrtaceae,20,2000,Street,16
Tristaniopsis,Myrtaceae,20,2006,Street,5
Tristaniopsis,Myrtaceae,20,2007,Street,1
Tristaniopsis,Myrtaceae,20,2008,Street,6
Tristaniopsis,Myrtaceae,30,1900,Park,1
Tristaniopsis,Myrtaceae,30,1900,Street,11
Tristaniopsis,Myrtaceae,30,1997,Street,3
Tristaniopsis,Myrtaceae,30,1998,Park,2
Tristaniopsis,Myrtaceae,30,2000,Street,16
Tristaniopsis,Myrtaceae,30,2006,Street,9
Tristaniopsis,Myrtaceae,30,2008,Street,21
Tristaniopsis,Myrtaceae,5,2006,Street,1
Tristaniopsis,Myrtaceae,5,2008,Street,2
Tristaniopsis,Myrtaceae,60,1900,Park,1
Tristaniopsis,Myrtaceae,60,1997,Street,7
Tristaniopsis,Myrtaceae,60,2000,Park,4
Tristaniopsis,Myrtaceae,60,2000,Street,7
Tristaniopsis,Myrtaceae,60,2006,Street,74
Tristaniopsis,Myrtaceae,60,2007,Street,17
Tristaniopsis,Myrtaceae,60,2008,Street,49
Tristaniopsis,Myrtaceae,60,2009,Park,4
Tristaniopsis,Myrtaceae,60,2009,Street,16
Tristaniopsis,Myrtaceae,60,2010,Street,27
Tristaniopsis,Myrtaceae,80,2008,Park,1
Tristaniopsis,Myrtaceae,80,2010,Park,1
Tristaniopsis,Myrtaceae,80,2010,Street,12
Ulmus,Ulmaceae,1,1900,Park,16
Ulmus,Ulmaceae,1,1900,Street,9
Ulmus,Ulmaceae,1,1997,Park,15
Ulmus,Ulmaceae,1,1997,Street,47
Ulmus,Ulmaceae,1,1998,Park,46
Ulmus,Ulmaceae,1,1998,Street,1
Ulmus,Ulmaceae,1,2000,Park,1
Ulmus,Ulmaceae,1,2000,Street,1
Ulmus,Ulmaceae,1,2006,Park,1
Ulmus,Ulmaceae,1,2006,Street,1
Ulmus,Ulmaceae,10,1899,Park,1
Ulmus,Ulmaceae,10,1900,Park,109
Ulmus,Ulmaceae,10,1900,Street,91
Ulmus,Ulmaceae,10,1997,Park,50
Ulmus,Ulmaceae,10,1997,Street,434
Ulmus,Ulmaceae,10,1998,Park,453
Ulmus,Ulmaceae,10,1998,Street,1
Ulmus,Ulmaceae,10,1999,Park,4
Ulmus,Ulmaceae,10,2000,Park,6
Ulmus,Ulmaceae,10,2000,Street,7
Ulmus,Ulmaceae,10,2006,Park,7
Ulmus,Ulmaceae,10,2006,Street,2
Ulmus,Ulmaceae,10,2007,Park,5
Ulmus,Ulmaceae,10,2007,Street,1
Ulmus,Ulmaceae,10,2008,Street,6
Ulmus,Ulmaceae,10,2009,Park,9
Ulmus,Ulmaceae,10,2009,Street,3
Ulmus,Ulmaceae,10,2010,Street,1
Ulmus,Ulmaceae,20,1900,Park,97
Ulmus,Ulmaceae,20,1900,Street,92
Ulmus,Ulmaceae,20,1997,Park,53
Ulmus,Ulmaceae,20,1997,Street,334
Ulmus,Ulmaceae,20,1998,Park,351
Ulmus,Ulmaceae,20,1998,Street,5
Ulmus,Ulmaceae,20,1999,Park,4
Ulmus,Ulmaceae,20,1999,Street,1
Ulmus,Ulmaceae,20,2000,Park,2
Ulmus,Ulmaceae,20,2000,Street,33
Ulmus,Ulmaceae,20,2005,Street,2
Ulmus,Ulmaceae,20,2006,Park,11
Ulmus,Ulmaceae,20,2006,Street,16
Ulmus,Ulmaceae,20,2007,Park,3
Ulmus,Ulmaceae,20,2008,Park,2
Ulmus,Ulmaceae,20,2008,Street,4
Ulmus,Ulmaceae,20,2009,Street,3
Ulmus,Ulmaceae,20,2010,Park,1
Ulmus,Ulmaceae,20,2010,Street,1
Ulmus,Ulmaceae,30,1899,Street,2
Ulmus,Ulmaceae,30,1900,Park,54
Ulmus,Ulmaceae,30,1900,Street,109
Ulmus,Ulmaceae,30,1997,Park,30
Ulmus,Ulmaceae,30,1997,Street,219
Ulmus,Ulmaceae,30,1998,Park,91
Ulmus,Ulmaceae,30,1999,Park,1
Ulmus,Ulmaceae,30,1999,Street,11
Ulmus,Ulmaceae,30,2000,Street,25
Ulmus,Ulmaceae,30,2005,Street,3
Ulmus,Ulmaceae,30,2006,Park,13
Ulmus,Ulmaceae,30,2006,Street,39
Ulmus,Ulmaceae,30,2007,Park,3
Ulmus,Ulmaceae,30,2007,Street,1
Ulmus,Ulmaceae,30,2008,Park,3
Ulmus,Ulmaceae,30,2008,Street,11
Ulmus,Ulmaceae,30,2009,Park,1
Ulmus,Ulmaceae,30,2009,Street,3
Ulmus,Ulmaceae,30,2010,Street,1
Ulmus,Ulmaceae,5,1899,Park,2
Ulmus,Ulmaceae,5,1900,Park,70
Ulmus,Ulmaceae,5,1900,Street,66
Ulmus,Ulmaceae,5,1997,Park,47
Ulmus,Ulmaceae,5,1997,Street,322
Ulmus,Ulmaceae,5,1998,Park,342
Ulmus,Ulmaceae,5,1998,Street,6
Ulmus,Ulmaceae,5,1999,Park,7
Ulmus,Ulmaceae,5,2000,Park,3
Ulmus,Ulmaceae,5,2000,Street,11
Ulmus,Ulmaceae,5,2005,Street,1
Ulmus,Ulmaceae,5,2006,Park,2
Ulmus,Ulmaceae,5,2007,Park,2
Ulmus,Ulmaceae,5,2007,Street,3
Ulmus,Ulmaceae,5,2008,Park,1
Ulmus,Ulmaceae,5,2008,Street,9
Ulmus,Ulmaceae,5,2009,Park,1
Ulmus,Ulmaceae,5,2009,Street,4
Ulmus,Ulmaceae,60,1899,Park,1
Ulmus,Ulmaceae,60,1899,Street,1
Ulmus,Ulmaceae,60,1900,Park,57
Ulmus,Ulmaceae,60,1900,Street,70
Ulmus,Ulmaceae,60,1997,Park,4
Ulmus,Ulmaceae,60,1997,Street,76
Ulmus,Ulmaceae,60,1998,Park,40
Ulmus,Ulmaceae,60,1998,Street,2
Ulmus,Ulmaceae,60,1999,Park,1
Ulmus,Ulmaceae,60,1999,Street,1
Ulmus,Ulmaceae,60,2000,Park,5
Ulmus,Ulmaceae,60,2000,Street,62
Ulmus,Ulmaceae,60,2005,Street,3
Ulmus,Ulmaceae,60,2006,Park,24
Ulmus,Ulmaceae,60,2006,Street,33
Ulmus,Ulmaceae,60,2007,Park,1
Ulmus,Ulmaceae,60,2007,Street,17
Ulmus,Ulmaceae,60,2008,Street,34
Ulmus,Ulmaceae,60,2009,Park,1
Ulmus,Ulmaceae,60,2009,Street,5
Ulmus,Ulmaceae,60,2010,Street,6
Ulmus,Ulmaceae,80,1899,Street,5
Ulmus,Ulmaceae,80,1900,Park,38
Ulmus,Ulmaceae,80,1900,Street,5
Ulmus,Ulmaceae,80,1997,Park,1
Ulmus,Ulmaceae,80,1997,Street,11
Ulmus,Ulmaceae,80,1998,Park,18
Ulmus,Ulmaceae,80,1999,Park,1
Ulmus,Ulmaceae,80,2000,Park,7
Ulmus,Ulmaceae,80,2000,Street,5
Ulmus,Ulmaceae,80,2006,Park,29
Ulmus,Ulmaceae,80,2006,Street,2
Ulmus,Ulmaceae,80,2007,Park,7
Ulmus,Ulmaceae,80,2007,Street,4
Ulmus,Ulmaceae,80,2008,Park,3
Ulmus,Ulmaceae,80,2008,Street,1
Ulmus,Ulmaceae,80,2009,Park,4
Ulmus,Ulmaceae,80,2010,Park,6
Ulmus,Ulmaceae,80,2010,Street,1
UNKNOWN,UNKNOWN,20,1900,Park,1
UNKNOWN,UNKNOWN,20,1900,Street,1
UNKNOWN,UNKNOWN,20,1997,Street,5
UNKNOWN,UNKNOWN,20,2000,Street,1
UNKNOWN,UNKNOWN,20,2009,Park,11
UNKNOWN,UNKNOWN,30,1900,Street,2
UNKNOWN,UNKNOWN,30,2008,Street,1
Washingtonia,Arecaceae,60,1900,Park,13
Washingtonia,Arecaceae,60,1900,Street,2
Washingtonia,Arecaceae,60,1998,Park,11
Washingtonia,Arecaceae,60,2000,Park,2
Washingtonia,Arecaceae,60,2000,Street,4
Washingtonia,Arecaceae,60,2009,Park,14
Washingtonia,Arecaceae,80,2000,Park,1
Washingtonia,Arecaceae,80,2007,Park,2
Washingtonia,Arecaceae,80,2009,Street,25
Zelkova,Ulmaceae,1,2008,Street,2
Zelkova,Ulmaceae,10,1900,Street,4
Zelkova,Ulmaceae,10,1997,Street,1
Zelkova,Ulmaceae,10,1999,Street,1
Zelkova,Ulmaceae,10,2000,Street,1
Zelkova,Ulmaceae,10,2006,Park,1
Zelkova,Ulmaceae,10,2006,Street,6
Zelkova,Ulmaceae,10,2008,Park,2
Zelkova,Ulmaceae,10,2008,Street,8
Zelkova,Ulmaceae,10,2009,Street,2
Zelkova,Ulmaceae,20,1900,Street,5
Zelkova,Ulmaceae,20,1997,Street,1
Zelkova,Ulmaceae,20,1999,Street,4
Zelkova,Ulmaceae,20,2000,Street,1
Zelkova,Ulmaceae,20,2006,Street,15
Zelkova,Ulmaceae,20,2008,Park,3
Zelkova,Ulmaceae,20,2008,Street,17
Zelkova,Ulmaceae,20,2009,Park,2
Zelkova,Ulmaceae,20,2009,Street,2
Zelkova,Ulmaceae,30,1900,Street,9
Zelkova,Ulmaceae,30,1997,Street,7
Zelkova,Ulmaceae,30,1999,Street,4
Zelkova,Ulmaceae,30,2000,Street,9
Zelkova,Ulmaceae,30,2006,Street,24
Zelkova,Ulmaceae,30,2008,Park,3
Zelkova,Ulmaceae,30,2008,Street,39
Zelkova,Ulmaceae,5,1900,Street,1
Zelkova,Ulmaceae,5,1999,Street,2
Zelkova,Ulmaceae,5,2000,Street,1
Zelkova,Ulmaceae,5,2006,Street,2
Zelkova,Ulmaceae,5,2008,Street,3
Zelkova,Ulmaceae,5,2009,Street,2
Zelkova,Ulmaceae,60,1900,Street,6
Zelkova,Ulmaceae,60,2000,Street,24
Zelkova,Ulmaceae,60,2006,Street,36
Zelkova,Ulmaceae,60,2008,Park,7
Zelkova,Ulmaceae,60,2008,Street,32
Zelkova,Ulmaceae,60,2009,Park,1
Zelkova,Ulmaceae,60,2009,Street,4
Zelkova,Ulmaceae,60,2010,Street,46
Zelkova,Ulmaceae,80,1900,Street,1
Zelkova,Ulmaceae,80,2000,Park,4
Zelkova,Ulmaceae,80,2000,Street,1
Zelkova,Ulmaceae,80,2006,Street,11
Zelkova,Ulmaceae,80,2009,Park,10
Zelkova,Ulmaceae,80,2009,Street,9
Zelkova,Ulmaceae,80,2010,Park,1
